{
  ":microscope:": "🔬",
  ":squared_up_with_exclamation_mark:": "🆙",
  ":arrow_heading_up:": "⤴",
  ":kissing_face_with_closed_eyes:": "😚",
  ":palm_tree:": "🌴",
  ":crescent_moon:": "🌙",
  ":dart:": "🎯",
  ":light_rail:": "🚈",
  ":weary_face:": "😩",
  ":hammer_and_pick:": "⚒",
  ":low_brightness_symbol:": "🔅",
  ":wind_blowing_face:": "🌬",
  ":t-shirt:": "👕",
  ":worried_face:": "😟",
  ":thought_balloon:": "💭",
  ":alien_monster:": "👾",
  ":squared_cjk_unified_ideograph-55b6:": "🈺",
  ":first_quarter_moon_symbol:": "🌓",
  ":flag_for_Burkina_Faso:": "🇧 🇫",
  ":school_satchel:": "🎒",
  ":symbols:": "🔣",
  ":white_sun_behind_cloud_with_rain:": "🌦",
  ":bottle_with_popping_cork:": "🍾",
  ":virgo:": "♍",
  ":womens:": "🚺",
  ":yum:": "😋",
  ":heart:": "❤",
  ":flag_for_Cape_Verde:": "🇨 🇻",
  ":red_car:": "🚗",
  ":label:": "🏷",
  ":fast_forward:": "⏩",
  ":monkey:": "🐒",
  ":spiral_calendar_pad:": "🗓",
  ":fax:": "📠",
  ":pray:": "🙏",
  ":sake_bottle_and_cup:": "🍶",
  ":congratulations:": "㊗",
  ":family:": "👪",
  ":curly_loop:": "➰",
  ":american_football:": "🏈",
  ":full_moon_symbol:": "🌕",
  ":thumbs_up_sign:": "👍",
  ":weary_cat_face:": "🙀",
  ":cool:": "🆒",
  ":face_with_stuck-out_tongue_and_tightly-closed_eyes:": "😝",
  ":shower:": "🚿",
  ":emoji_modifier_fitzpatrick_type-1-2:": "🏻",
  ":see_no_evil:": "🙈",
  ":unamused:": "😒",
  ":sports_medal:": "🏅",
  ":shoe:": "👞",
  ":wheel_of_dharma:": "☸",
  ":flag_for_Australia:": "🇦 🇺",
  ":direct_hit:": "🎯",
  ":studio_microphone:": "🎙",
  ":paw_prints:": "🐾",
  ":flag_for_Mongolia:": "🇲 🇳",
  ":mushroom:": "🍄",
  ":clock_face_one-thirty:": "🕜",
  ":flag_for_Martinique:": "🇲 🇶",
  ":high_brightness:": "🔆",
  ":clock_face_eight-thirty:": "🕣",
  ":flag_for_China:": "🇨 🇳",
  ":dog_face:": "🐶",
  ":guitar:": "🎸",
  ":phone:": "☎",
  ":dog2:": "🐕",
  ":negative_squared_latin_capital_letter_a:": "🅰",
  ":clock10:": "🕙",
  ":trident_emblem:": "🔱",
  ":panda_face:": "🐼",
  ":squared_cjk_unified_ideograph-6709:": "🈶",
  ":camel:": "🐫",
  ":tulip:": "🌷",
  ":flag_for_Côte_d’Ivoire:": "🇨 🇮",
  ":sunset_over_buildings:": "🌇",
  ":flag_for_Liberia:": "🇱 🇷",
  ":clock_face_eight_oclock:": "🕗",
  ":boat:": "⛵",
  ":wheelchair_symbol:": "♿",
  ":left_right_arrow:": "↔",
  ":circled_ideograph_advantage:": "🉐",
  ":smiling_cat_face_with_open_mouth:": "😺",
  ":negative_squared_latin_capital_letter_p:": "🅿",
  ":cat2:": "🐈",
  ":tired_face:": "😫",
  ":train2:": "🚆",
  ":banknote_with_euro_sign:": "💶",
  ":card_index:": "📇",
  ":delivery_truck:": "🚚",
  ":two_women_holding_hands:": "👭",
  ":chart_with_downwards_trend:": "📉",
  ":relaxed:": "☺",
  ":large_orange_diamond:": "🔶",
  ":mountain_railway:": "🚞",
  ":flag_for_Portugal:": "🇵 🇹",
  ":sunflower:": "🌻",
  ":clock_face_eleven-thirty:": "🕦",
  ":partly_sunny:": "⛅",
  ":first_quarter_moon_with_face:": "🌛",
  ":aubergine:": "🍆",
  ":baby_bottle:": "🍼",
  ":military_medal:": "🎖",
  ":deciduous_tree:": "🌳",
  ":trumpet:": "🎺",
  ":leo:": "♌",
  ":film_frames:": "🎞",
  ":flag_for_Lebanon:": "🇱 🇧",
  ":om_symbol:": "🕉",
  ":knife:": "🔪",
  ":face_with_look_of_triumph:": "😤",
  ":clock_face_eleven_oclock:": "🕚",
  ":flag_for_Uruguay:": "🇺 🇾",
  ":triangular_ruler:": "📐",
  ":growing_heart:": "💗",
  ":japanese_dolls:": "🎎",
  ":flag_for_French_Southern_Territories:": "🇹 🇫",
  ":thumbsdown:": "👎",
  ":mailbox_closed:": "📪",
  ":neutral_face:": "😐",
  ":broken_heart:": "💔",
  ":new_moon_symbol:": "🌑",
  ":chocolate_bar:": "🍫",
  ":flag_for_Burundi:": "🇧 🇮",
  ":smiling_imp:": "😈",
  ":flag_for_Grenada:": "🇬 🇩",
  ":no_good:": "🙅",
  ":calling:": "📲",
  ":ferry:": "⛴",
  ":blue_heart:": "💙",
  ":smiling_cat_face_with_heart-shaped_eyes:": "😻",
  ":date:": "📅",
  ":flag_for_Brunei:": "🇧 🇳",
  ":man_with_turban:": "👳",
  ":triangular_flag_on_post:": "🚩",
  ":oncoming_taxi:": "🚖",
  ":fried_shrimp:": "🍤",
  ":tropical_drink:": "🍹",
  ":black_left-pointing_triangle:": "◀",
  ":flag_for_Canada:": "🇨 🇦",
  ":soon_with_rightwards_arrow_above:": "🔜",
  ":horse_racing:": "🏇",
  ":droplet:": "💧",
  ":womans_clothes:": "👚",
  ":oncoming_police_car:": "🚔",
  ":peace_symbol:": "☮",
  ":signal_strength:": "📶",
  ":bus_stop:": "🚏",
  ":reversed_hand_with_middle_finger_extended:": "🖕",
  ":keycap_digit_four:": "4 ⃣",
  ":flag_for_Zimbabwe:": "🇿 🇼",
  ":rewind:": "⏪",
  ":white_small_square:": "▫",
  ":flag_for_Jersey:": "🇯 🇪",
  ":airplane:": "✈",
  ":anger:": "💢",
  ":mailbox_with_no_mail:": "📭",
  ":circled_ideograph_congratulation:": "㊗",
  ":dark_sunglasses:": "🕶",
  ":lower_left_ballpoint_pen:": "🖊",
  ":flag_for_Mexico:": "🇲 🇽",
  ":question:": "❓",
  ":black_heart_suit:": "♥",
  ":flag_for_Pakistan:": "🇵 🇰",
  ":open_mailbox_with_raised_flag:": "📬",
  ":man_and_woman_holding_hands:": "👫",
  ":arrow_heading_down:": "⤵",
  ":ok_hand_sign:": "👌",
  ":train:": "🚋",
  ":mens_symbol:": "🚹",
  ":minibus:": "🚐",
  ":flag_for_Rwanda:": "🇷 🇼",
  ":clock_face_one_oclock:": "🕐",
  ":mailbox_with_mail:": "📬",
  ":older_man:": "👴",
  ":flag_for_Clipperton_Island:": "🇨 🇵",
  ":earth_globe_americas:": "🌎",
  ":earth_asia:": "🌏",
  ":custard:": "🍮",
  ":grinning_face_with_smiling_eyes:": "😁",
  ":flag_for_Uganda:": "🇺 🇬",
  ":mahjong_tile_red_dragon:": "🀄",
  ":flag_for_Indonesia:": "🇮 🇩",
  ":ski:": "🎿",
  ":hospital:": "🏥",
  ":books:": "📚",
  ":couplekiss:": "💏",
  ":squared_cjk_unified_ideograph-7a7a:": "🈳",
  ":flag_for_Palau:": "🇵 🇼",
  ":bear:": "🐻",
  ":flag_for_St._Helena:": "🇸 🇭",
  ":tent:": "⛺",
  ":no_mouth:": "😶",
  ":flag_for_Central_African_Republic:": "🇨 🇫",
  ":dash_symbol:": "💨",
  ":sunrise:": "🌅",
  ":key:": "🔑",
  ":ice_skate:": "⛸",
  ":black_nib:": "✒",
  ":ambulance:": "🚑",
  ":flag_for_Slovenia:": "🇸 🇮",
  ":hamster_face:": "🐹",
  ":gemini:": "♊",
  ":accept:": "🉑",
  ":face_with_cold_sweat:": "😓",
  ":mag:": "🔍",
  ":slightly_smiling_face:": "🙂",
  ":face_with_tears_of_joy:": "😂",
  ":ram:": "🐏",
  ":sos:": "🆘",
  ":squared_vs:": "🆚",
  ":cancer:": "♋",
  ":squared_cjk_unified_ideograph-7121:": "🈚",
  ":golfer:": "🏌",
  ":potable_water_symbol:": "🚰",
  ":squared_cjk_unified_ideograph-6708:": "🈷",
  ":nut_and_bolt:": "🔩",
  ":restroom:": "🚻",
  ":circled_latin_capital_letter_m:": "Ⓜ",
  ":joy_cat:": "😹",
  ":loudspeaker:": "📢",
  ":low_brightness:": "🔅",
  ":crying_face:": "😢",
  ":no_entry:": "⛔",
  ":sake:": "🍶",
  ":u5408:": "🈴",
  ":clock_face_five_oclock:": "🕔",
  ":disappointed_but_relieved_face:": "😥",
  ":scissors:": "✂",
  ":b:": "🅱",
  ":bank:": "🏦",
  ":busstop:": "🚏",
  ":flag_for_Caribbean_Netherlands:": "🇧 🇶",
  ":stuck_out_tongue:": "😛",
  ":flag_for_North_Korea:": "🇰 🇵",
  ":clinking_beer_mugs:": "🍻",
  ":white_up_pointing_backhand_index:": "👆",
  ":running_shirt_with_sash:": "🎽",
  ":up_down_arrow:": "↕",
  ":smiling_face_with_halo:": "😇",
  ":gift:": "🎁",
  ":world_map:": "🗺",
  ":sweat:": "😓",
  ":flag_for_Swaziland:": "🇸 🇿",
  ":sleepy:": "😪",
  ":confused_face:": "😕",
  ":flag_for_Heard_&_McDonald_Islands:": "🇭 🇲",
  ":dress:": "👗",
  ":white_large_square:": "⬜",
  ":kissing_face_with_smiling_eyes:": "😙",
  ":whale2:": "🐋",
  ":flag_for_Puerto_Rico:": "🇵 🇷",
  ":smiling_face_with_sunglasses:": "😎",
  ":flag_for_Paraguay:": "🇵 🇾",
  ":speedboat:": "🚤",
  ":face_with_head-bandage:": "🤕",
  ":flag_for_Colombia:": "🇨 🇴",
  ":smile:": "😄",
  ":flag_for_Libya:": "🇱 🇾",
  ":facepunch:": "👊",
  ":flag_in_hole:": "⛳",
  ":dvd:": "📀",
  ":cherries:": "🍒",
  ":latin_cross:": "✝",
  ":face_massage:": "💆",
  ":star_and_crescent:": "☪",
  ":cupid:": "💘",
  ":flag_for_Syria:": "🇸 🇾",
  ":love_hotel:": "🏩",
  ":yellow_heart:": "💛",
  ":secret:": "㊙",
  ":walking:": "🚶",
  ":horse_face:": "🐴",
  ":wedding:": "💒",
  ":person_frowning:": "🙍",
  ":beginner:": "🔰",
  ":grin:": "😁",
  ":flag_for_Barbados:": "🇧 🇧",
  ":smiling_face_with_open_mouth:": "😃",
  ":electric_torch:": "🔦",
  ":european_post_office:": "🏤",
  ":capricorn:": "♑",
  ":hushed_face:": "😯",
  ":white_exclamation_mark_ornament:": "❕",
  ":flag_for_St._Vincent_&_Grenadines:": "🇻 🇨",
  ":raised_hands:": "🙌",
  ":flag_for_Afghanistan:": "🇦 🇫",
  ":hole:": "🕳",
  ":older_woman:": "👵",
  ":clock_face_twelve-thirty:": "🕧",
  ":sheep:": "🐑",
  ":black_circle:": "⚫",
  ":seat:": "💺",
  ":building_construction:": "🏗",
  ":arrow_right_hook:": "↪",
  ":flag_for_Aruba:": "🇦 🇼",
  ":flag_for_Ceuta_&_Melilla:": "🇪 🇦",
  ":input_symbol_for_latin_letters:": "🔤",
  ":wrench:": "🔧",
  ":double_exclamation_mark:": "‼",
  ":incoming_envelope:": "📨",
  ":lemon:": "🍋",
  ":sun_behind_cloud:": "⛅",
  ":pine_decoration:": "🎍",
  ":small_orange_diamond:": "🔸",
  ":high-speed_train:": "🚄",
  ":face_throwing_a_kiss:": "😘",
  ":on_with_exclamation_mark_with_left_right_arrow_above:": "🔛",
  ":black_circle_for_record:": "⏺",
  ":flag_for_Malaysia:": "🇲 🇾",
  ":bridge_at_night:": "🌉",
  ":earth_globe_europe-africa:": "🌍",
  ":mouth:": "👄",
  ":flag_for_El_Salvador:": "🇸 🇻",
  ":flag_for_Tonga:": "🇹 🇴",
  ":candy:": "🍬",
  ":1234:": "🔢",
  ":pensive:": "😔",
  ":persevere:": "😣",
  ":squared_cool:": "🆒",
  ":classical_building:": "🏛",
  ":outbox_tray:": "📤",
  ":bulb:": "💡",
  ":relieved:": "😌",
  ":sailboat:": "⛵",
  ":straight_ruler:": "📏",
  ":woman:": "👩",
  ":thinking_face:": "🤔",
  ":keycap_digit_three:": "3 ⃣",
  ":envelope:": "✉",
  ":postal_horn:": "📯",
  ":thumbsup:": "👍",
  ":+1:": "👍",
  ":cat:": "🐱",
  ":squared_cjk_unified_ideograph-6307:": "🈯",
  ":checkered_flag:": "🏁",
  ":person_with_folded_hands:": "🙏",
  ":clipboard:": "📋",
  ":reminder_ribbon:": "🎗",
  ":moon_viewing_ceremony:": "🎑",
  ":flag_for_Georgia:": "🇬 🇪",
  ":abc:": "🔤",
  ":flag_for_South_Africa:": "🇿 🇦",
  ":face_with_rolling_eyes:": "🙄",
  ":flag_for_Guatemala:": "🇬 🇹",
  ":arrows_clockwise:": "🔃",
  ":six_pointed_star_with_middle_dot:": "🔯",
  ":hourglass_with_flowing_sand:": "⏳",
  ":flag_for_Kazakhstan:": "🇰 🇿",
  ":nail_care:": "💅",
  ":six_pointed_star:": "🔯",
  ":hot_springs:": "♨",
  ":party_popper:": "🎉",
  ":open_hands_sign:": "👐",
  ":hibiscus:": "🌺",
  ":waning_crescent_moon:": "🌘",
  ":rabbit:": "🐰",
  ":flag_for_Sudan:": "🇸 🇩",
  ":gear:": "⚙",
  ":pencil2:": "✏",
  ":truck:": "🚚",
  ":dagger_knife:": "🗡",
  ":mega:": "📣",
  ":no_one_under_eighteen_symbol:": "🔞",
  ":rightwards_arrow_with_hook:": "↪",
  ":flag_for_Ecuador:": "🇪 🇨",
  ":pager:": "📟",
  ":flag_for_Mayotte:": "🇾 🇹",
  ":flashlight:": "🔦",
  ":hotel:": "🏨",
  ":flag_for_Venezuela:": "🇻 🇪",
  ":saxophone:": "🎷",
  ":white_question_mark_ornament:": "❔",
  ":lower_left_fountain_pen:": "🖋",
  ":globe_with_meridians:": "🌐",
  ":evergreen_tree:": "🌲",
  ":fountain:": "⛲",
  ":pushpin:": "📌",
  ":flag_for_Nicaragua:": "🇳 🇮",
  ":point_up:": "☝",
  ":dolls:": "🎎",
  ":keycap_asterisk:": "* ⃣",
  ":cd:": "💿",
  ":flag_for_Anguilla:": "🇦 🇮",
  ":sound:": "🔉",
  ":flag_for_Spain:": "🇪 🇸",
  ":file_folder:": "📁",
  ":chequered_flag:": "🏁",
  ":winking_face:": "😉",
  ":arrow_lower_left:": "↙",
  ":waxing_crescent_moon:": "🌒",
  ":cookie:": "🍪",
  ":bullettrain_front:": "🚅",
  ":dollar:": "💵",
  ":white_right_pointing_backhand_index:": "👉",
  ":automobile:": "🚗",
  ":horse:": "🐴",
  ":smiling_face_with_open_mouth_and_smiling_eyes:": "😄",
  ":dragon:": "🐉",
  ":flag_for_India:": "🇮 🇳",
  ":flag_for_Monaco:": "🇲 🇨",
  ":recycle:": "♻",
  ":strawberry:": "🍓",
  ":back:": "🔙",
  ":flag_for_Czech_Republic:": "🇨 🇿",
  ":grapes:": "🍇",
  ":fog:": "🌫",
  ":e-mail_symbol:": "📧",
  ":extraterrestrial_alien:": "👽",
  ":flag_for_Jamaica:": "🇯 🇲",
  ":arrow_upper_left:": "↖",
  ":tiger2:": "🐅",
  ":flag_for_Albania:": "🇦 🇱",
  ":flag_for_Dominican_Republic:": "🇩 🇴",
  ":flag_for_Faroe_Islands:": "🇫 🇴",
  ":bikini:": "👙",
  ":flag_for_Pitcairn_Islands:": "🇵 🇳",
  ":antenna_with_bars:": "📶",
  ":paperclip:": "📎",
  ":koala:": "🐨",
  ":nerd_face:": "🤓",
  ":flag_for_Canary_Islands:": "🇮 🇨",
  ":flag_for_U.S._Virgin_Islands:": "🇻 🇮",
  ":clock1:": "🕐",
  ":mouse2:": "🐁",
  ":inbox_tray:": "📥",
  ":expressionless:": "😑",
  ":snowman:": "☃",
  ":warning:": "⚠",
  ":arrow_down_small:": "🔽",
  ":prayer_beads:": "📿",
  ":radio:": "📻",
  ":white_frowning_face:": "☹",
  ":honey_pot:": "🍯",
  ":bike:": "🚲",
  ":warning_sign:": "⚠",
  ":clockwise_downwards_and_upwards_open_circle_arrows:": "🔃",
  ":clock_face_five-thirty:": "🕠",
  ":flag_for_Tajikistan:": "🇹 🇯",
  ":flag_for_France:": "🇫 🇷",
  ":flag_for_Niger:": "🇳 🇪",
  ":flag_for_Somalia:": "🇸 🇴",
  ":raised_fist:": "✊",
  ":smiley_cat:": "😺",
  ":cow:": "🐮",
  ":flag_for_Nepal:": "🇳 🇵",
  ":sunglasses:": "😎",
  ":flushed_face:": "😳",
  ":flag_for_Hong_Kong:": "🇭 🇰",
  ":loudly_crying_face:": "😭",
  ":confounded:": "😖",
  ":flag_for_Iceland:": "🇮 🇸",
  ":soft_ice_cream:": "🍦",
  ":flag_for_Lesotho:": "🇱 🇸",
  ":banknote_with_dollar_sign:": "💵",
  ":iphone:": "📱",
  ":barber:": "💈",
  ":open_lock:": "🔓",
  ":chart_with_upwards_trend_and_yen_sign:": "💹",
  ":speaker_with_cancellation_stroke:": "🔇",
  ":sandal:": "👡",
  ":part_alternation_mark:": "〽",
  ":bactrian_camel:": "🐫",
  ":open_hands:": "👐",
  ":factory:": "🏭",
  ":face_with_thermometer:": "🤒",
  ":teacup_without_handle:": "🍵",
  ":barber_pole:": "💈",
  ":goat:": "🐐",
  ":heart_with_arrow:": "💘",
  ":european_castle:": "🏰",
  ":tokyo_tower:": "🗼",
  ":hammer:": "🔨",
  ":confounded_face:": "😖",
  ":flag_for_Switzerland:": "🇨 🇭",
  ":rabbit2:": "🐇",
  ":person_bowing_deeply:": "🙇",
  ":unamused_face:": "😒",
  ":traffic_light:": "🚥",
  ":copyright:": "©",
  ":cityscape_at_dusk:": "🌆",
  ":rolled-up_newspaper:": "🗞",
  ":flag_for_Macedonia:": "🇲 🇰",
  ":flag_for_Turks_&_Caicos_Islands:": "🇹 🇨",
  ":rugby_football:": "🏉",
  ":izakaya_lantern:": "🏮",
  ":thumbs_down_sign:": "👎",
  ":sleuth_or_spy:": "🕵",
  ":high_heel:": "👠",
  ":flag_for_Cameroon:": "🇨 🇲",
  ":astonished:": "😲",
  ":stuck_out_tongue_winking_eye:": "😜",
  ":handbag:": "👜",
  ":volleyball:": "🏐",
  ":hundred_points_symbol:": "💯",
  ":large_blue_circle:": "🔵",
  ":up-pointing_small_red_triangle:": "🔼",
  ":id:": "🆔",
  ":flag_for_Poland:": "🇵 🇱",
  ":glowing_star:": "🌟",
  ":bath:": "🛀",
  ":postbox:": "📮",
  ":flag_for_Nigeria:": "🇳 🇬",
  ":baseball:": "⚾",
  ":mask:": "😷",
  ":put_litter_in_its_place:": "🚮",
  ":toilet:": "🚽",
  ":coffin:": "⚰",
  ":black_joker:": "🃏",
  ":heart_eyes:": "😍",
  ":mobile_phone_off:": "📴",
  ":flag_for_St._Lucia:": "🇱 🇨",
  ":envelope_with_arrow:": "📩",
  ":tiger:": "🐯",
  ":grinning_face:": "😀",
  ":flag_for_Gambia:": "🇬 🇲",
  ":down-pointing_small_red_triangle:": "🔽",
  ":flag_for_Niue:": "🇳 🇺",
  ":cat_face_with_wry_smile:": "😼",
  ":ferris_wheel:": "🎡",
  ":synagogue:": "🕍",
  ":black_left-pointing_double_triangle_with_vertical_bar:": "⏮",
  ":memo:": "📝",
  ":face_with_open_mouth:": "😮",
  ":flag_for_Malta:": "🇲 🇹",
  ":hankey:": "💩",
  ":flag_for_Northern_Mariana_Islands:": "🇲 🇵",
  ":videocassette:": "📼",
  ":flag_for_Peru:": "🇵 🇪",
  ":table_tennis_paddle_and_ball:": "🏓",
  ":left_luggage:": "🛅",
  ":dango:": "🍡",
  ":medium_black_circle:": "⚫",
  ":steaming_bowl:": "🍜",
  ":tangerine:": "🍊",
  ":keyboard:": "⌨",
  ":flag_for_Argentina:": "🇦 🇷",
  ":heart_decoration:": "💟",
  ":clock_face_ten-thirty:": "🕥",
  ":open_mouth:": "😮",
  ":rice_ball:": "🍙",
  ":flag_for_Turkey:": "🇹 🇷",
  ":clock_face_two-thirty:": "🕝",
  ":face_with_no_good_gesture:": "🙅",
  ":flag_for_Laos:": "🇱 🇦",
  ":calendar:": "📆",
  ":end:": "🔚",
  ":wolf_face:": "🐺",
  ":blossom:": "🌼",
  ":hammer_and_wrench:": "🛠",
  ":copyright_sign:": "©",
  ":package:": "📦",
  ":do_not_litter_symbol:": "🚯",
  ":arrow_double_down:": "⏬",
  ":tm:": "™",
  ":helicopter:": "🚁",
  ":speech_balloon:": "💬",
  ":flag_for_Ascension_Island:": "🇦 🇨",
  ":cocktail_glass:": "🍸",
  ":flag_for_Dominica:": "🇩 🇲",
  ":bomb:": "💣",
  ":upside-down_face:": "🙃",
  ":speaker_with_one_sound_wave:": "🔉",
  ":negative_squared_cross_mark:": "❎",
  ":squared_ok:": "🆗",
  ":a:": "🅰",
  ":door:": "🚪",
  ":rice_cracker:": "🍘",
  ":flag_for_Nauru:": "🇳 🇷",
  ":eight_spoked_asterisk:": "✳",
  ":couch_and_lamp:": "🛋",
  ":top_with_upwards_arrow_above:": "🔝",
  ":mag_right:": "🔎",
  ":snowflake:": "❄",
  ":registered:": "®",
  ":cloud_with_rain:": "🌧",
  ":amphora:": "🏺",
  ":-1:": "👎",
  ":squared_katakana_koko:": "🈁",
  ":bear_face:": "🐻",
  ":foggy:": "🌁",
  ":flag_for_Solomon_Islands:": "🇸 🇧",
  ":notes:": "🎶",
  ":waxing_gibbous_moon:": "🌔",
  ":black_medium_square:": "◼",
  ":flag_for_Gibraltar:": "🇬 🇮",
  ":clock_face_six-thirty:": "🕡",
  ":flag_for_Morocco:": "🇲 🇦",
  ":speaking_head_in_silhouette:": "🗣",
  ":u6708:": "🈷",
  ":flag_for_Uzbekistan:": "🇺 🇿",
  ":electric_plug:": "🔌",
  ":o:": "⭕",
  ":dove_of_peace:": "🕊",
  ":flipper:": "🐬",
  ":arrow_pointing_rightwards_then_curving_upwards:": "⤴",
  ":flag_for_Israel:": "🇮 🇱",
  ":spaghetti:": "🍝",
  ":innocent:": "😇",
  ":flag_for_Latvia:": "🇱 🇻",
  ":person_raising_both_hands_in_celebration:": "🙌",
  ":frowning:": "😦",
  ":tshirt:": "👕",
  ":do_not_litter:": "🚯",
  ":arrow_forward:": "▶",
  ":flag_for_Zambia:": "🇿 🇲",
  ":smile_cat:": "😸",
  ":skier:": "⛷",
  ":100:": "💯",
  ":camera:": "📷",
  ":potable_water:": "🚰",
  ":athletic_shoe:": "👟",
  ":u7a7a:": "🈳",
  ":tram_car:": "🚋",
  ":flag_for_Belize:": "🇧 🇿",
  ":balloon:": "🎈",
  ":pizza:": "🍕",
  ":new_moon:": "🌑",
  ":face_savouring_delicious_food:": "😋",
  ":victory_hand:": "✌",
  ":admission_tickets:": "🎟",
  ":smirking_face:": "😏",
  ":burrito:": "🌯",
  ":keycap_digit_one:": "1 ⃣",
  ":skull:": "💀",
  ":heavy_division_sign:": "➗",
  ":fire:": "🔥",
  ":weight_lifter:": "🏋",
  ":bookmark_tabs:": "📑",
  ":heavy_plus_sign:": "➕",
  ":slice_of_pizza:": "🍕",
  ":ok:": "🆗",
  ":tram:": "🚊",
  ":telescope:": "🔭",
  ":rose:": "🌹",
  ":clock3:": "🕒",
  ":chestnut:": "🌰",
  ":black_diamond_suit:": "♦",
  ":anchor:": "⚓",
  ":euro:": "💶",
  ":disappointed_relieved:": "😥",
  ":flag_for_Eritrea:": "🇪 🇷",
  ":scales:": "⚖",
  ":spiral_shell:": "🐚",
  ":file_cabinet:": "🗄",
  ":stadium:": "🏟",
  ":house:": "🏠",
  ":japanese_ogre:": "👹",
  ":mosque:": "🕌",
  ":banana:": "🍌",
  ":black_down-pointing_double_triangle:": "⏬",
  ":fax_machine:": "📠",
  ":monorail:": "🚝",
  ":parking:": "🅿",
  ":trophy:": "🏆",
  ":firework_sparkler:": "🎇",
  ":guardsman:": "💂",
  ":page_with_curl:": "📃",
  ":mountain_bicyclist:": "🚵",
  ":flag_for_Congo_-_Kinshasa:": "🇨 🇩",
  ":flag_for_Réunion:": "🇷 🇪",
  ":flag_for_Senegal:": "🇸 🇳",
  ":keycap_digit_eight:": "8 ⃣",
  ":speaker_with_three_sound_waves:": "🔊",
  ":end_with_leftwards_arrow_above:": "🔚",
  ":desktop_computer:": "🖥",
  ":vertical_traffic_light:": "🚦",
  ":squared_id:": "🆔",
  ":pencil:": "📝",
  ":face_without_mouth:": "😶",
  ":book:": "📖",
  ":person_with_blond_hair:": "👱",
  ":muscle:": "💪",
  ":curry_and_rice:": "🍛",
  ":grimacing:": "😬",
  ":shirt:": "👕",
  ":vibration_mode:": "📳",
  ":runner:": "🏃",
  ":kiss:": "💋",
  ":pedestrian:": "🚶",
  ":fire_engine:": "🚒",
  ":funeral_urn:": "⚱",
  ":down-pointing_red_triangle:": "🔻",
  ":high-speed_train_with_bullet_nose:": "🚅",
  ":flag_for_Fiji:": "🇫 🇯",
  ":wastebasket:": "🗑",
  ":crying_cat_face:": "😿",
  ":smoking:": "🚬",
  ":open_mailbox_with_lowered_flag:": "📭",
  ":oil_drum:": "🛢",
  ":hamburger:": "🍔",
  ":emoji_modifier_fitzpatrick_type-4:": "🏽",
  ":flag_for_Cambodia:": "🇰 🇭",
  ":pensive_face:": "😔",
  ":u6709:": "🈶",
  ":poodle:": "🐩",
  ":clapping_hands_sign:": "👏",
  ":no_pedestrians:": "🚷",
  ":white_smiling_face:": "☺",
  ":flag_for_Vietnam:": "🇻 🇳",
  ":dolphin:": "🐬",
  ":flag_for_Suriname:": "🇸 🇷",
  ":card_index_dividers:": "🗂",
  ":cinema:": "🎦",
  ":stew:": "🍲",
  ":city_sunset:": "🌆",
  ":flag_for_Estonia:": "🇪 🇪",
  ":bird:": "🐦",
  ":slightly_frowning_face:": "🙁",
  ":rabbit_face:": "🐰",
  ":bow_and_arrow:": "🏹",
  ":flag_for_United_States:": "🇺 🇸",
  ":black_right-pointing_double_triangle:": "⏩",
  ":hear_no_evil:": "🙉",
  ":bouquet:": "💐",
  ":thunder_cloud_and_rain:": "⛈",
  ":flag_for_Bouvet_Island:": "🇧 🇻",
  ":pig2:": "🐖",
  ":minidisc:": "💽",
  ":grimacing_face:": "😬",
  ":house_with_garden:": "🏡",
  ":roasted_sweet_potato:": "🍠",
  ":waxing_crescent_moon_symbol:": "🌒",
  ":hugging_face:": "🤗",
  ":flag_for_Isle_of_Man:": "🇮 🇲",
  ":flag_for_Madagascar:": "🇲 🇬",
  ":four_leaf_clover:": "🍀",
  ":movie_camera:": "🎥",
  ":lollipop:": "🍭",
  ":snail:": "🐌",
  ":non-potable_water_symbol:": "🚱",
  ":airplane_arriving:": "🛬",
  ":beetle:": "🐞",
  ":station:": "🚉",
  ":flag_for_Ireland:": "🇮 🇪",
  ":unicorn_face:": "🦄",
  ":new:": "🆕",
  ":robot_face:": "🤖",
  ":black_question_mark_ornament:": "❓",
  ":front-facing_baby_chick:": "🐥",
  ":cocktail:": "🍸",
  ":flag_for_Taiwan:": "🇹 🇼",
  ":snowboarder:": "🏂",
  ":on:": "🔛",
  ":stars:": "🌠",
  ":clock4:": "🕓",
  ":kaaba:": "🕋",
  ":flag_for_Philippines:": "🇵 🇭",
  ":u5272:": "🈹",
  ":exclamation:": "❗",
  ":libra:": "♎",
  ":registered_sign:": "®",
  ":hushed:": "😯",
  ":tear-off_calendar:": "📆",
  ":sleeping_accommodation:": "🛌",
  ":twisted_rightwards_arrows:": "🔀",
  ":u7533:": "🈸",
  ":hatched_chick:": "🐥",
  ":taco:": "🌮",
  ":whale:": "🐳",
  ":flag_for_Guam:": "🇬 🇺",
  ":playing_card_black_joker:": "🃏",
  ":white_up_pointing_index:": "☝",
  ":tea:": "🍵",
  ":loud_sound:": "🔊",
  ":flag_for_Japan:": "🇯 🇵",
  ":banknote_with_pound_sign:": "💷",
  ":milky_way:": "🌌",
  ":white_medium_square:": "◻",
  ":flag_for_Guernsey:": "🇬 🇬",
  ":flag_for_Marshall_Islands:": "🇲 🇭",
  ":gem:": "💎",
  ":hocho:": "🔪",
  ":ice_cream:": "🍨",
  ":zap:": "⚡",
  ":small_airplane:": "🛩",
  ":crab:": "🦀",
  ":flag_for_Germany:": "🇩 🇪",
  ":rage:": "😡",
  ":bookmark:": "🔖",
  ":flag_for_Guinea-Bissau:": "🇬 🇼",
  ":flag_for_Equatorial_Guinea:": "🇬 🇶",
  ":speaker:": "🔈",
  ":heartpulse:": "💗",
  ":face_with_medical_mask:": "😷",
  ":flag_for_Gabon:": "🇬 🇦",
  ":flag_for_St._Martin:": "🇲 🇫",
  ":tiger_face:": "🐯",
  ":cricket_bat_and_ball:": "🏏",
  ":arrow_down:": "⬇",
  ":north_west_arrow:": "↖",
  ":white_medium_small_square:": "◽",
  ":cherry_blossom:": "🌸",
  ":flag_for_Chile:": "🇨 🇱",
  ":flag_for_Greenland:": "🇬 🇱",
  ":beer_mug:": "🍺",
  ":face_with_stuck-out_tongue:": "😛",
  ":hourglass:": "⌛",
  ":aries:": "♈",
  ":man:": "👨",
  ":waving_black_flag:": "🏴",
  ":underage:": "🔞",
  ":three_button_mouse:": "🖱",
  ":leaves:": "🍃",
  ":atm:": "🏧",
  ":face_screaming_in_fear:": "😱",
  ":bust_in_silhouette:": "👤",
  ":thermometer:": "🌡",
  ":elephant:": "🐘",
  ":mens:": "🚹",
  ":clock1230:": "🕧",
  ":no_bicycles:": "🚳",
  ":suspension_railway:": "🚟",
  ":credit_card:": "💳",
  ":ballot_box_with_ballot:": "🗳",
  ":monkey_face:": "🐵",
  ":dragon_face:": "🐲",
  ":emoji_modifier_fitzpatrick_type-5:": "🏾",
  ":trident:": "🔱",
  ":chart:": "💹",
  ":two_hearts:": "💕",
  ":telephone:": "☎",
  ":heart_eyes_cat:": "😻",
  ":dizzy_face:": "😵",
  ":pig_nose:": "🐽",
  ":rainbow:": "🌈",
  ":necktie:": "👔",
  ":girl:": "👧",
  ":clock_face_three-thirty:": "🕞",
  ":input_symbol_for_numbers:": "🔢",
  ":white_sun_behind_cloud:": "🌥",
  ":dancers:": "👯",
  ":u6307:": "🈯",
  ":rocket:": "🚀",
  ":badminton_racquet_and_shuttlecock:": "🏸",
  ":moneybag:": "💰",
  ":alarm_clock:": "⏰",
  ":automated_teller_machine:": "🏧",
  ":footprints:": "👣",
  ":o2:": "🅾",
  ":flag_for_Qatar:": "🇶 🇦",
  ":feet:": "🐾",
  ":pound:": "💷",
  ":arrow_double_up:": "⏫",
  ":squared_ng:": "🆖",
  ":arrow_backward:": "◀",
  ":flag_for_South_Georgia_&_South_Sandwich_Islands:": "🇬 🇸",
  ":weary:": "😩",
  ":laughing:": "😆",
  ":field_hockey_stick_and_ball:": "🏑",
  ":ear:": "👂",
  ":arrows_counterclockwise:": "🔄",
  ":cross_mark:": "❌",
  ":chipmunk:": "🐿",
  ":biohazard_sign:": "☣",
  ":police_officer:": "👮",
  ":earth_globe_asia-australia:": "🌏",
  ":black_square_for_stop:": "⏹",
  ":night_with_stars:": "🌃",
  ":soon:": "🔜",
  ":grey_exclamation:": "❕",
  ":graduation_cap:": "🎓",
  ":ramen:": "🍜",
  ":turkey:": "🦃",
  ":blue_car:": "🚙",
  ":jack_o_lantern:": "🎃",
  ":cheese_wedge:": "🧀",
  ":flag_for_Svalbard_&_Jan_Mayen:": "🇸 🇯",
  ":cat_face:": "🐱",
  ":splashing_sweat_symbol:": "💦",
  ":princess:": "👸",
  ":flag_for_Serbia:": "🇷 🇸",
  ":flag_for_Kosovo:": "🇽 🇰",
  ":recreational_vehicle:": "🚙",
  ":double_vertical_bar:": "⏸",
  ":motorway:": "🛣",
  ":clock5:": "🕔",
  ":speak-no-evil_monkey:": "🙊",
  ":heavy_black_heart:": "❤",
  ":scream:": "😱",
  ":carp_streamer:": "🎏",
  ":clock_face_seven_oclock:": "🕖",
  ":rotating_light:": "🚨",
  ":writing_hand:": "✍",
  ":flag_for_Turkmenistan:": "🇹 🇲",
  ":roller_coaster:": "🎢",
  ":swimmer:": "🏊",
  ":fork_and_knife_with_plate:": "🍽",
  ":popcorn:": "🍿",
  ":koko:": "🈁",
  ":japanese_castle:": "🏯",
  ":clockwise_rightwards_and_leftwards_open_circle_arrows:": "🔁",
  ":mortar_board:": "🎓",
  ":penguin:": "🐧",
  ":squared_cjk_unified_ideograph-5408:": "🈴",
  ":sign_of_the_horns:": "🤘",
  ":black_up-pointing_double_triangle:": "⏫",
  ":capital_abcd:": "🔠",
  ":sparkle:": "❇",
  ":flag_for_Cook_Islands:": "🇨 🇰",
  ":womans_boots:": "👢",
  ":cake:": "🍰",
  ":mailbox:": "📫",
  ":house_buildings:": "🏘",
  ":bento_box:": "🍱",
  ":sun_with_face:": "🌞",
  ":squared_cl:": "🆑",
  ":raised_hand:": "✋",
  ":beer:": "🍺",
  ":police_car:": "🚓",
  ":doughnut:": "🍩",
  ":kissing:": "😗",
  ":no_smoking:": "🚭",
  ":flag_for_Benin:": "🇧 🇯",
  ":keycap_digit_zero:": "0 ⃣",
  ":flag_for_Egypt:": "🇪 🇬",
  ":flag_for_Åland_Islands:": "🇦 🇽",
  ":eyes:": "👀",
  ":trade_mark_sign:": "™",
  ":high-heeled_shoe:": "👠",
  ":ledger:": "📒",
  ":flag_for_Greece:": "🇬 🇷",
  ":flag_for_European_Union:": "🇪 🇺",
  ":mobile_phone_with_rightwards_arrow_at_left:": "📲",
  ":haircut:": "💇",
  ":flag_for_Iran:": "🇮 🇷",
  ":green_book:": "📗",
  ":ng:": "🆖",
  ":abcd:": "🔡",
  ":dizzy:": "💫",
  ":menorah_with_nine_branches:": "🕎",
  ":flag_for_British_Indian_Ocean_Territory:": "🇮 🇴",
  ":oncoming_automobile:": "🚘",
  ":headphone:": "🎧",
  ":metro:": "🚇",
  ":collision_symbol:": "💥",
  ":flag_for_Belgium:": "🇧 🇪",
  ":flag_for_Myanmar:": "🇲 🇲",
  ":comet:": "☄",
  ":silhouette_of_japan:": "🗾",
  ":bus:": "🚌",
  ":clock830:": "🕣",
  ":hourglass_flowing_sand:": "⏳",
  ":flag_for_Panama:": "🇵 🇦",
  ":railway_track:": "🛤",
  ":emoji_modifier_fitzpatrick_type-6:": "🏿",
  ":keycap_digit_seven:": "7 ⃣",
  ":flag_for_St._Barthélemy:": "🇧 🇱",
  ":church:": "⛪",
  ":boot:": "👢",
  ":blowfish:": "🐡",
  ":printer:": "🖨",
  ":high_brightness_symbol:": "🔆",
  ":white_medium_star:": "⭐",
  ":disappointed_face:": "😞",
  ":flag_for_Kiribati:": "🇰 🇮",
  ":flag_for_Tunisia:": "🇹 🇳",
  ":flag_for_Andorra:": "🇦 🇩",
  ":white_square_button:": "🔳",
  ":black_rightwards_arrow:": "➡",
  ":ab:": "🆎",
  ":angel:": "👼",
  ":squared_new:": "🆕",
  ":womens_symbol:": "🚺",
  ":water_wave:": "🌊",
  ":japanese_symbol_for_beginner:": "🔰",
  ":eject_symbol:": "⏏",
  ":anguished:": "😧",
  ":non-potable_water:": "🚱",
  ":crown:": "👑",
  ":clock730:": "🕢",
  ":no_smoking_symbol:": "🚭",
  ":waxing_gibbous_moon_symbol:": "🌔",
  ":desert:": "🏜",
  ":flag_for_American_Samoa:": "🇦 🇸",
  ":ballot_box_with_check:": "☑",
  ":flag_for_Lithuania:": "🇱 🇹",
  ":fallen_leaf:": "🍂",
  ":ticket:": "🎫",
  ":kiss_mark:": "💋",
  ":statue_of_liberty:": "🗽",
  ":wink:": "😉",
  ":flag_for_South_Korea:": "🇰 🇷",
  ":santa:": "🎅",
  ":loop:": "➿",
  ":flag_for_St._Kitts_&_Nevis:": "🇰 🇳",
  ":japan:": "🗾",
  ":smoking_symbol:": "🚬",
  ":flag_for_Guinea:": "🇬 🇳",
  ":clock6:": "🕕",
  ":flushed:": "😳",
  ":flag_for_Belarus:": "🇧 🇾",
  ":herb:": "🌿",
  ":hot_pepper:": "🌶",
  ":hotsprings:": "♨",
  ":flag_for_Slovakia:": "🇸 🇰",
  ":mouse_face:": "🐭",
  ":negative_squared_ab:": "🆎",
  ":clock630:": "🕡",
  ":optical_disc:": "💿",
  ":artist_palette:": "🎨",
  ":clock_face_four_oclock:": "🕓",
  ":snow_capped_mountain:": "🏔",
  ":fish_cake:": "🍥",
  ":sushi:": "🍣",
  ":fist:": "✊",
  ":downwards_black_arrow:": "⬇",
  ":vs:": "🆚",
  ":flag_for_Samoa:": "🇼 🇸",
  ":flag_for_Cyprus:": "🇨 🇾",
  ":confused:": "😕",
  ":pill:": "💊",
  ":surfer:": "🏄",
  ":flag_for_St._Pierre_&_Miquelon:": "🇵 🇲",
  ":cooked_rice:": "🍚",
  ":speak_no_evil:": "🙊",
  ":mount_fuji:": "🗻",
  ":pouting_face:": "😡",
  ":closed_book:": "📕",
  ":clock_face_seven-thirty:": "🕢",
  ":round_pushpin:": "📍",
  ":fish_cake_with_swirl_design:": "🍥",
  ":radio_button:": "🔘",
  ":space_invader:": "👾",
  ":cry:": "😢",
  ":tada:": "🎉",
  ":scorpion:": "🦂",
  ":eggplant:": "🍆",
  ":hand:": "✋",
  ":repeat_one:": "🔂",
  ":money-mouth_face:": "🤑",
  ":flag_for_Montenegro:": "🇲 🇪",
  ":blush:": "😊",
  ":angry_face:": "😠",
  ":cat_face_with_tears_of_joy:": "😹",
  ":football:": "🏈",
  ":film_projector:": "📽",
  ":apple:": "🍎",
  ":rat:": "🐀",
  ":confetti_ball:": "🎊",
  ":waning_gibbous_moon_symbol:": "🌖",
  ":moon:": "🌔",
  ":flag_for_Romania:": "🇷 🇴",
  ":nail_polish:": "💅",
  ":lady_beetle:": "🐞",
  ":leftwards_black_arrow:": "⬅",
  ":maple_leaf:": "🍁",
  ":mouse:": "🐭",
  ":flag_for_New_Caledonia:": "🇳 🇨",
  ":clapper:": "🎬",
  ":desert_island:": "🏝",
  ":white_left_pointing_backhand_index:": "👈",
  ":flag_for_Micronesia:": "🇫 🇲",
  ":ok_woman:": "🙆",
  ":notebook:": "📓",
  ":heavy_dollar_sign:": "💲",
  ":kissing_closed_eyes:": "😚",
  ":womans_sandal:": "👡",
  ":birthday_cake:": "🎂",
  ":bicyclist:": "🚴",
  ":person_with_ball:": "⛹",
  ":flag_for_Wallis_&_Futuna:": "🇼 🇫",
  ":lock:": "🔒",
  ":flag_for_Mauritania:": "🇲 🇷",
  ":orange_book:": "📙",
  ":bar_chart:": "📊",
  ":cactus:": "🌵",
  ":flag_for_Cocos__Islands:": "🇨 🇨",
  ":black_telephone:": "☎",
  ":man_in_business_suit_levitating:": "🕴",
  ":fries:": "🍟",
  ":fearful_face:": "😨",
  ":skull_and_crossbones:": "☠",
  ":flag_for_Macau:": "🇲 🇴",
  ":keycap_digit_six:": "6 ⃣",
  ":squared_cjk_unified_ideograph-6e80:": "🈵",
  ":flag_for_Botswana:": "🇧 🇼",
  ":link_symbol:": "🔗",
  ":bathtub:": "🛁",
  ":woman_with_bunny_ears:": "👯",
  ":public_address_loudspeaker:": "📢",
  ":city_sunrise:": "🌇",
  ":beating_heart:": "💓",
  ":chicken:": "🐔",
  ":taurus:": "♉",
  ":see-no-evil_monkey:": "🙈",
  ":keycap_digit_nine:": "9 ⃣",
  ":flag_for_Angola:": "🇦 🇴",
  ":musical_note:": "🎵",
  ":christmas_tree:": "🎄",
  ":smiling_face_with_smiling_eyes:": "😊",
  ":ocean:": "🌊",
  ":stuck_out_tongue_closed_eyes:": "😝",
  ":flag_for_San_Marino:": "🇸 🇲",
  ":pot_of_food:": "🍲",
  ":billiards:": "🎱",
  ":hot_dog:": "🌭",
  ":sweat_smile:": "😅",
  ":flag_for_Antarctica:": "🇦 🇶",
  ":pineapple:": "🍍",
  ":waning_gibbous_moon:": "🌖",
  ":heart_with_ribbon:": "💝",
  ":zzz:": "💤",
  ":couple:": "👫",
  ":japanese_goblin:": "👺",
  ":point_up_2:": "👆",
  ":face_with_open_mouth_and_cold_sweat:": "😰",
  ":bride_with_veil:": "👰",
  ":fisted_hand_sign:": "👊",
  ":flag_for_Luxembourg:": "🇱 🇺",
  ":small_red_triangle:": "🔺",
  ":put_litter_in_its_place_symbol:": "🚮",
  ":clock_face_twelve_oclock:": "🕛",
  ":telephone_receiver:": "📞",
  ":double_curly_loop:": "➿",
  ":post_office:": "🏣",
  ":no_bell:": "🔕",
  ":squared_sos:": "🆘",
  ":yin_yang:": "☯",
  ":golf:": "⛳",
  ":railway_car:": "🚃",
  ":lock_with_ink_pen:": "🔏",
  ":flag_for_Bosnia_&_Herzegovina:": "🇧 🇦",
  ":left-pointing_magnifying_glass:": "🔍",
  ":cow2:": "🐄",
  ":bowling:": "🎳",
  ":squared_free:": "🆓",
  ":clock530:": "🕠",
  ":clap:": "👏",
  ":keycap_digit_two:": "2 ⃣",
  ":flag_for_Bahamas:": "🇧 🇸",
  ":closed_umbrella:": "🌂",
  ":alien:": "👽",
  ":worried:": "😟",
  ":clock930:": "🕤",
  ":flag_for_Bahrain:": "🇧 🇭",
  ":white_check_mark:": "✅",
  ":squared_cjk_unified_ideograph-7533:": "🈸",
  ":father_christmas:": "🎅",
  ":flag_for_Montserrat:": "🇲 🇸",
  ":taxi:": "🚕",
  ":shit:": "💩",
  ":sagittarius:": "♐",
  ":microphone:": "🎤",
  ":mahjong:": "🀄",
  ":flexed_biceps:": "💪",
  ":birthday:": "🎂",
  ":crystal_ball:": "🔮",
  ":fireworks:": "🎆",
  ":baby_chick:": "🐤",
  ":earth_africa:": "🌍",
  ":cityscape:": "🏙",
  ":tanabata_tree:": "🎋",
  ":bento:": "🍱",
  ":smirk_cat:": "😼",
  ":flag_for_U.S._Outlying_Islands:": "🇺 🇲",
  ":oden:": "🍢",
  ":oncoming_bus:": "🚍",
  ":department_store:": "🏬",
  ":racehorse:": "🐎",
  ":wind_chime:": "🎐",
  ":tractor:": "🚜",
  ":page_facing_up:": "📄",
  ":flag_for_Cuba:": "🇨 🇺",
  ":basketball:": "🏀",
  ":persevering_face:": "😣",
  ":flag_for_French_Guiana:": "🇬 🇫",
  ":purse:": "👛",
  ":musical_keyboard:": "🎹",
  ":point_left:": "👈",
  ":cyclone:": "🌀",
  ":ribbon:": "🎀",
  ":person_with_pouting_face:": "🙎",
  ":flag_for_Trinidad_&_Tobago:": "🇹 🇹",
  ":hot_beverage:": "☕",
  ":keycap_number_sign:": "# ⃣",
  ":shinto_shrine:": "⛩",
  ":seedling:": "🌱",
  ":tropical_fish:": "🐠",
  ":camping:": "🏕",
  ":curry:": "🍛",
  ":camera_with_flash:": "📸",
  ":right-pointing_magnifying_glass:": "🔎",
  ":flag_for_British_Virgin_Islands:": "🇻 🇬",
  ":love_letter:": "💌",
  ":flag_for_Chad:": "🇹 🇩",
  ":sweat_drops:": "💦",
  ":flag_for_Brazil:": "🇧 🇷",
  ":large_red_circle:": "🔴",
  ":flag_for_Namibia:": "🇳 🇦",
  ":dizzy_symbol:": "💫",
  ":flag_for_Oman:": "🇴 🇲",
  ":banknote_with_yen_sign:": "💴",
  ":black_club_suit:": "♣",
  ":smiley:": "😃",
  ":happy_person_raising_one_hand:": "🙋",
  ":school:": "🏫",
  ":fleur-de-lis:": "⚜",
  ":last_quarter_moon_symbol:": "🌗",
  ":motor_boat:": "🛥",
  ":flag_for_Armenia:": "🇦 🇲",
  ":dash:": "💨",
  ":clock1030:": "🕥",
  ":open_file_folder:": "📂",
  ":clubs:": "♣",
  ":keycap_digit_five:": "5 ⃣",
  ":clock1130:": "🕦",
  ":bullettrain_side:": "🚄",
  ":ox:": "🐂",
  ":flag_for_Diego_Garcia:": "🇩 🇬",
  ":aerial_tramway:": "🚡",
  ":helmet_with_white_cross:": "⛑",
  ":trolleybus:": "🚎",
  ":beers:": "🍻",
  ":flag_for_Ethiopia:": "🇪 🇹",
  ":flag_for_Algeria:": "🇩 🇿",
  ":flag_for_Russia:": "🇷 🇺",
  ":heavy_exclamation_mark:": "❗",
  ":u6e80:": "🈵",
  ":clock8:": "🕗",
  ":flag_for_Togo:": "🇹 🇬",
  ":fork_and_knife:": "🍴",
  ":flag_for_Netherlands:": "🇳 🇱",
  ":office:": "🏢",
  ":clock230:": "🕝",
  ":punch:": "👊",
  ":wine_glass:": "🍷",
  ":email:": "✉",
  ":umbrella_on_ground:": "⛱",
  ":spider:": "🕷",
  ":flag_for_Austria:": "🇦 🇹",
  ":exclamation_question_mark:": "⁉",
  ":flag_for_Sierra_Leone:": "🇸 🇱",
  ":heartbeat:": "💓",
  ":white_down_pointing_backhand_index:": "👇",
  ":atom_symbol:": "⚛",
  ":flag_for_Hungary:": "🇭 🇺",
  ":dromedary_camel:": "🐪",
  ":control_knobs:": "🎛",
  ":baby_symbol:": "🚼",
  ":purple_heart:": "💜",
  ":construction_sign:": "🚧",
  ":rice:": "🍚",
  ":police_cars_revolving_light:": "🚨",
  ":national_park:": "🏞",
  ":lion_face:": "🦁",
  ":children_crossing:": "🚸",
  ":flag_for_Azerbaijan:": "🇦 🇿",
  ":flag_for_Bulgaria:": "🇧 🇬",
  ":clock_face_three_oclock:": "🕒",
  ":cop:": "👮",
  ":spider_web:": "🕸",
  ":sleeping:": "😴",
  ":flag_for_Jordan:": "🇯 🇴",
  ":closed_mailbox_with_raised_flag:": "📫",
  ":flag_for_Sweden:": "🇸 🇪",
  ":arrow_up_small:": "🔼",
  ":flag_for_Bhutan:": "🇧 🇹",
  ":flag_for_Tristan_da_Cunha:": "🇹 🇦",
  ":money_bag:": "💰",
  ":floppy_disk:": "💾",
  ":gift_heart:": "💝",
  ":black_scissors:": "✂",
  ":circled_ideograph_accept:": "🉑",
  ":corn:": "🌽",
  ":ear_of_maize:": "🌽",
  ":yen:": "💴",
  ":shaved_ice:": "🍧",
  ":sa:": "🈂",
  ":flag_for_Iraq:": "🇮 🇶",
  ":flag_for_Tanzania:": "🇹 🇿",
  ":dog:": "🐶",
  ":fish:": "🐟",
  ":black_spade_suit:": "♠",
  ":raised_hand_with_part_between_middle_and_ring_fingers:": "🖖",
  ":spouting_whale:": "🐳",
  ":clock430:": "🕟",
  ":white_circle:": "⚪",
  ":relieved_face:": "😌",
  ":clock330:": "🕞",
  ":arrow_upper_right:": "↗",
  ":u7981:": "🈲",
  ":arrow_up:": "⬆",
  ":house_building:": "🏠",
  ":car:": "🚗",
  ":racing_motorcycle:": "🏍",
  ":helm_symbol:": "⎈",
  ":south_west_arrow:": "↙",
  ":customs:": "🛃",
  ":satellite:": "📡",
  ":arrow_left:": "⬅",
  ":circled_ideograph_secret:": "㊙",
  ":rooster:": "🐓",
  ":two_men_holding_hands:": "👬",
  ":flag_for_Yemen:": "🇾 🇪",
  ":circus_tent:": "🎪",
  ":kissing_face:": "😗",
  ":black_universal_recycling_symbol:": "♻",
  ":raised_hand_with_fingers_splayed:": "🖐",
  ":flag_for_Bolivia:": "🇧 🇴",
  ":8ball:": "🎱",
  ":pig_face:": "🐷",
  ":flag_for_Guyana:": "🇬 🇾",
  ":place_of_worship:": "🛐",
  ":negative_squared_latin_capital_letter_b:": "🅱",
  ":cloud_with_snow:": "🌨",
  ":clock_face_ten_oclock:": "🕙",
  ":scream_cat:": "🙀",
  ":flag_for_Maldives:": "🇲 🇻",
  ":kissing_smiling_eyes:": "😙",
  ":frog_face:": "🐸",
  ":anticlockwise_downwards_and_upwards_open_circle_arrows:": "🔄",
  ":jeans:": "👖",
  ":orthodox_cross:": "☦",
  ":busts_in_silhouette:": "👥",
  ":full_moon_with_face:": "🌝",
  ":collision:": "💥",
  ":bell:": "🔔",
  ":flag_for_Costa_Rica:": "🇨 🇷",
  ":kissing_cat_face_with_closed_eyes:": "😽",
  ":crossed_flags:": "🎌",
  ":eye:": "👁",
  ":shooting_star:": "🌠",
  ":multiple_musical_notes:": "🎶",
  ":flag_for_Tokelau:": "🇹 🇰",
  ":pig:": "🐷",
  ":jack-o-lantern:": "🎃",
  ":office_building:": "🏢",
  ":new_moon_with_face:": "🌚",
  ":flag_for_Mauritius:": "🇲 🇺",
  ":watch:": "⌚",
  ":squared_cjk_unified_ideograph-5272:": "🈹",
  ":ghost:": "👻",
  ":waving_hand_sign:": "👋",
  ":alembic:": "⚗",
  ":flag_for_Comoros:": "🇰 🇲",
  ":fuelpump:": "⛽",
  ":rice_scene:": "🎑",
  ":flag_for_Malawi:": "🇲 🇼",
  ":hearts:": "♥",
  ":hamster:": "🐹",
  ":flag_for_Falkland_Islands:": "🇫 🇰",
  ":astonished_face:": "😲",
  ":cooking:": "🍳",
  ":clock9:": "🕘",
  ":passenger_ship:": "🛳",
  ":black_right-pointing_triangle_with_double_vertical_bar:": "⏯",
  ":steam_locomotive:": "🚂",
  ":rowboat:": "🚣",
  ":revolving_hearts:": "💞",
  ":upwards_black_arrow:": "⬆",
  ":flag_for_Sri_Lanka:": "🇱 🇰",
  ":first_quarter_moon:": "🌓",
  ":man_with_gua_pi_mao:": "👲",
  ":black_sun_with_rays:": "☀",
  ":white_sun_with_small_cloud:": "🌤",
  ":ear_of_rice:": "🌾",
  ":ski_and_ski_boot:": "🎿",
  ":crocodile:": "🐊",
  ":articulated_lorry:": "🚛",
  ":coffee:": "☕",
  ":briefcase:": "💼",
  ":tv:": "📺",
  ":tongue:": "👅",
  ":keycap_ten:": "🔟",
  ":running:": "🏃",
  ":lower_left_paintbrush:": "🖌",
  ":sunrise_over_mountains:": "🌄",
  ":flag_for_Cayman_Islands:": "🇰 🇾",
  ":sleeping_symbol:": "💤",
  ":mantelpiece_clock:": "🕰",
  ":flags:": "🎏",
  ":black_small_square:": "▪",
  ":couple_with_heart:": "💑",
  ":flag_for_Curaçao:": "🇨 🇼",
  ":flag_for_Mozambique:": "🇲 🇿",
  ":frowning_face_with_open_mouth:": "😦",
  ":flag_for_Sint_Maarten:": "🇸 🇽",
  ":lantern:": "🏮",
  ":small_blue_diamond:": "🔹",
  ":cloud:": "☁",
  ":wrapped_present:": "🎁",
  ":sparkling_heart:": "💖",
  ":spiral_note_pad:": "🗒",
  ":boom:": "💥",
  ":point_right:": "👉",
  ":sunny:": "☀",
  ":flag_for_Bermuda:": "🇧 🇲",
  ":small_red_triangle_down:": "🔻",
  ":interrobang:": "⁉",
  ":sleepy_face:": "😪",
  ":no_mobile_phones:": "📵",
  ":anguished_face:": "😧",
  ":tomato:": "🍅",
  ":old_key:": "🗝",
  ":input_symbol_for_latin_capital_letters:": "🔠",
  ":name_badge:": "📛",
  ":computer:": "💻",
  ":sleeping_face:": "😴",
  ":musical_score:": "🎼",
  ":point_down:": "👇",
  ":nose:": "👃",
  ":diamonds:": "♦",
  ":water_buffalo:": "🐃",
  ":sparkler:": "🎇",
  ":u7121:": "🈚",
  ":personal_computer:": "💻",
  ":heavy_exclamation_mark_symbol:": "❗",
  ":tennis_racquet_and_ball:": "🎾",
  ":grinning:": "😀",
  ":arrow_up_down:": "↕",
  ":pouch:": "👝",
  ":flag_for_Djibouti:": "🇩 🇯",
  ":mountain_cableway:": "🚠",
  ":moyai:": "🗿",
  ":flag_for_Finland:": "🇫 🇮",
  ":wolf:": "🐺",
  ":cow_face:": "🐮",
  ":waving_white_flag:": "🏳",
  ":flag_for_Kenya:": "🇰 🇪",
  ":level_slider:": "🎚",
  ":clapper_board:": "🎬",
  ":mountain:": "⛰",
  ":ophiuchus:": "⛎",
  ":flag_for_United_Arab_Emirates:": "🇦 🇪",
  ":x:": "❌",
  ":black_right-pointing_triangle:": "▶",
  ":smiling_face_with_open_mouth_and_cold_sweat:": "😅",
  ":flag_for_Ghana:": "🇬 🇭",
  ":electric_light_bulb:": "💡",
  ":mobile_phone:": "📱",
  ":ice_hockey_stick_and_puck:": "🏒",
  ":linked_paperclips:": "🖇",
  ":trackball:": "🖲",
  ":flag_for_Seychelles:": "🇸 🇨",
  ":pouting_cat_face:": "😾",
  ":mans_shoe:": "👞",
  ":flag_for_Liechtenstein:": "🇱 🇮",
  ":bread:": "🍞",
  ":clock2:": "🕑",
  ":red_apple:": "🍎",
  ":bow:": "🙇",
  ":shield:": "🛡",
  ":french_fries:": "🍟",
  ":airplane_departure:": "🛫",
  ":up:": "🆙",
  ":flag_for_Italy:": "🇮 🇹",
  ":heavy_check_mark:": "✔",
  ":flag_for_Western_Sahara:": "🇪 🇭",
  ":convenience_store:": "🏪",
  ":flag_for_New_Zealand:": "🇳 🇿",
  ":star:": "⭐",
  ":top:": "🔝",
  ":construction:": "🚧",
  ":flag_for_Bangladesh:": "🇧 🇩",
  ":bee:": "🐝",
  ":racing_car:": "🏎",
  ":ideograph_advantage:": "🉐",
  ":clock_face_two_oclock:": "🕑",
  ":no_entry_sign:": "🚫",
  ":scroll:": "📜",
  ":free:": "🆓",
  ":white_flower:": "💮",
  ":dancer:": "💃",
  ":pick:": "⛏",
  ":heavy_large_circle:": "⭕",
  ":heavy_multiplication_x:": "✖",
  ":link:": "🔗",
  ":north_east_arrow:": "↗",
  ":clock_face_six_oclock:": "🕕",
  ":money_with_wings:": "💸",
  ":zipper-mouth_face:": "🤐",
  ":cl:": "🆑",
  ":satisfied:": "😆",
  ":flag_for_São_Tomé_&_Príncipe:": "🇸 🇹",
  ":flag_for_Haiti:": "🇭 🇹",
  ":melon:": "🍈",
  ":medium_white_circle:": "⚪",
  ":womans_hat:": "👒",
  ":clock_face_nine_oclock:": "🕘",
  ":icecream:": "🍦",
  ":flag_for_Congo_-_Brazzaville:": "🇨 🇬",
  ":arrow_pointing_rightwards_then_curving_downwards:": "⤵",
  ":flag_for_Vatican_City:": "🇻 🇦",
  ":snake:": "🐍",
  ":flag_for_Tuvalu:": "🇹 🇻",
  ":syringe:": "💉",
  ":cold_sweat:": "😰",
  ":leopard:": "🐆",
  ":slot_machine:": "🎰",
  ":flag_for_Denmark:": "🇩 🇰",
  ":angry:": "😠",
  ":scorpius:": "♏",
  ":flag_for_Saudi_Arabia:": "🇸 🇦",
  ":bamboo:": "🎍",
  ":gem_stone:": "💎",
  ":game_die:": "🎲",
  ":waning_crescent_moon_symbol:": "🌘",
  ":clock_face_four-thirty:": "🕟",
  ":smiling_face_with_open_mouth_and_tightly-closed_eyes:": "😆",
  ":flag_for_Ukraine:": "🇺 🇦",
  ":south_east_arrow:": "↘",
  ":input_symbol_for_latin_small_letters:": "🔡",
  ":flag_for_Norway:": "🇳 🇴",
  ":performing_arts:": "🎭",
  ":beach_with_umbrella:": "🏖",
  ":soccer_ball:": "⚽",
  ":flag_for_Mali:": "🇲 🇱",
  ":battery:": "🔋",
  ":kissing_heart:": "😘",
  ":flag_for_Kyrgyzstan:": "🇰 🇬",
  ":flag_for_Singapore:": "🇸 🇬",
  ":video_camera:": "📹",
  ":television:": "📺",
  ":umbrella:": "☂",
  ":red_circle:": "🔴",
  ":sparkles:": "✨",
  ":octopus:": "🐙",
  ":leftwards_arrow_with_hook:": "↩",
  ":fishing_pole_and_fish:": "🎣",
  ":chart_with_upwards_trend:": "📈",
  ":input_symbol_for_symbols:": "🔣",
  ":smiling_face_with_heart-shaped_eyes:": "😍",
  ":last_quarter_moon_with_face:": "🌜",
  ":radioactive_sign:": "☢",
  ":clock12:": "🕛",
  ":crossed_swords:": "⚔",
  ":violin:": "🎻",
  ":pistol:": "🔫",
  ":flag_for_Palestinian_Territories:": "🇵 🇸",
  ":top_hat:": "🎩",
  ":star2:": "🌟",
  ":smiling_face_with_horns:": "😈",
  ":shortcake:": "🍰",
  ":sob:": "😭",
  ":soccer:": "⚽",
  ":smirk:": "😏",
  ":boar:": "🐗",
  ":pouting_cat:": "😾",
  ":green_heart:": "💚",
  ":flag_for_Kuwait:": "🇰 🇼",
  ":bicycle:": "🚲",
  ":right_anger_bubble:": "🗯",
  ":frog:": "🐸",
  ":back_with_leftwards_arrow_above:": "🔙",
  ":bellhop_bell:": "🛎",
  ":bell_with_cancellation_stroke:": "🔕",
  ":bangbang:": "‼",
  ":fuel_pump:": "⛽",
  ":watermelon:": "🍉",
  ":blue_book:": "📘",
  ":envelope_with_downwards_arrow_above:": "📩",
  ":flag_for_French_Polynesia:": "🇵 🇫",
  ":tennis:": "🎾",
  ":joystick:": "🕹",
  ":closed_mailbox_with_lowered_flag:": "📪",
  ":massage:": "💆",
  ":emoji_modifier_fitzpatrick_type-3:": "🏼",
  ":shell:": "🐚",
  ":headphones:": "🎧",
  ":wc:": "🚾",
  ":green_apple:": "🍏",
  ":e-mail:": "📧",
  ":poop:": "💩",
  ":pisces:": "♓",
  ":black_large_square:": "⬛",
  ":ok_hand:": "👌",
  ":unlock:": "🔓",
  ":flag_for_Guadeloupe:": "🇬 🇵",
  ":flag_for_Papua_New_Guinea:": "🇵 🇬",
  ":face_with_stuck-out_tongue_and_winking_eye:": "😜",
  ":black_right-pointing_double_triangle_with_vertical_bar:": "⏭",
  ":squared_cjk_unified_ideograph-7981:": "🈲",
  ":vhs:": "📼",
  ":wavy_dash:": "〰",
  ":bed:": "🛏",
  ":flag_for_Timor-Leste:": "🇹 🇱",
  ":information_desk_person:": "💁",
  ":white_heavy_check_mark:": "✅",
  ":flag_for_Vanuatu:": "🇻 🇺",
  ":fearful:": "😨",
  ":currency_exchange:": "💱",
  ":arrow_right:": "➡",
  ":anger_symbol:": "💢",
  ":triumph:": "😤",
  ":construction_worker:": "👷",
  ":tophat:": "🎩",
  ":cloud_with_tornado:": "🌪",
  ":water_closet:": "🚾",
  ":heavy_minus_sign:": "➖",
  ":baby:": "👶",
  ":wave:": "👋",
  ":black_square_button:": "🔲",
  ":turtle:": "🐢",
  ":hear-no-evil_monkey:": "🙉",
  ":basketball_and_hoop:": "🏀",
  ":m:": "Ⓜ",
  ":stopwatch:": "⏱",
  ":closed_lock_with_key:": "🔐",
  ":baggage_claim:": "🛄",
  ":clock7:": "🕖",
  ":cheering_megaphone:": "📣",
  ":baby_angel:": "👼",
  ":star_of_david:": "✡",
  ":shopping_bags:": "🛍",
  ":black_left-pointing_double_triangle:": "⏪",
  ":flag_for_Honduras:": "🇭 🇳",
  ":disappointed:": "😞",
  ":chains:": "⛓",
  ":lipstick:": "💄",
  ":card_file_box:": "🗃",
  ":meat_on_bone:": "🍖",
  ":arrow_lower_right:": "↘",
  ":volcano:": "🌋",
  ":japanese_post_office:": "🏣",
  ":video_game:": "🎮",
  ":bug:": "🐛",
  ":art:": "🎨",
  ":high_voltage_sign:": "⚡",
  ":full_moon:": "🌕",
  ":peach:": "🍑",
  ":horizontal_traffic_light:": "🚥",
  ":u55b6:": "🈺",
  ":eyeglasses:": "👓",
  ":up-pointing_red_triangle:": "🔺",
  ":frame_with_picture:": "🖼",
  ":spades:": "♠",
  ":lips:": "👄",
  ":eight_pointed_black_star:": "✴",
  ":carousel_horse:": "🎠",
  ":grey_question:": "❔",
  ":grinning_cat_face_with_smiling_eyes:": "😸",
  ":leaf_fluttering_in_wind:": "🍃",
  ":flag_for_Norfolk_Island:": "🇳 🇫",
  ":clock130:": "🕜",
  ":earth_americas:": "🌎",
  ":mute:": "🔇",
  ":rosette:": "🏵",
  ":ship:": "🚢",
  ":clockwise_rightwards_and_leftwards_open_circle_arrows_with_circled_one_overlay:": "🔂",
  ":flag_for_Thailand:": "🇹 🇭",
  ":candle:": "🕯",
  ":shamrock:": "☘",
  ":umbrella_with_rain_drops:": "☔",
  ":satellite_antenna:": "📡",
  ":derelict_house_building:": "🏚",
  ":flag_for_Christmas_Island:": "🇨 🇽",
  ":repeat:": "🔁",
  ":clock11:": "🕚",
  ":pear:": "🍐",
  ":black_medium_small_square:": "◾",
  ":diamond_shape_with_a_dot_inside:": "💠",
  ":wheelchair:": "♿",
  ":flower_playing_cards:": "🎴",
  ":v:": "✌",
  ":flag_for_Antigua_&_Barbuda:": "🇦 🇬",
  ":flag_for_South_Sudan:": "🇸 🇸",
  ":lower_left_crayon:": "🖍",
  ":joy:": "😂",
  ":ring:": "💍",
  ":aquarius:": "♒",
  ":egg:": "🍳",
  ":newspaper:": "📰",
  ":passport_control:": "🛂",
  ":negative_squared_latin_capital_letter_o:": "🅾",
  ":boy:": "👦",
  ":hatching_chick:": "🐣",
  ":open_book:": "📖",
  ":raising_hand:": "🙋",
  ":ant:": "🐜",
  ":last_quarter_moon:": "🌗",
  ":snowman_without_snow:": "⛄",
  ":kissing_cat:": "😽",
  ":cloud_with_lightning:": "🌩",
  ":sweet_potato:": "🍠",
  ":heavy_heart_exclamation_mark_ornament:": "❣",
  ":face_with_ok_gesture:": "🙆",
  ":flag_for_United_Kingdom:": "🇬 🇧",
  ":poultry_leg:": "🍗",
  ":clock_face_nine-thirty:": "🕤",
  ":timer_clock:": "⏲",
  ":gun:": "🔫",
  ":squared_katakana_sa:": "🈂",
  ":large_blue_diamond:": "🔷",
  ":notebook_with_decorative_cover:": "📔",
  ":kimono:": "👘",
  ":expressionless_face:": "😑",
  ":flag_for_Moldova:": "🇲 🇩",
  ":information_source:": "ℹ",
  ":compression:": "🗜",
  ":flag_for_Croatia:": "🇭 🇷",
  ":imp:": "👿",
  ":pile_of_poo:": "💩",
  ":honeybee:": "🐝"
}