{
  ":-)": "😄",
  ":)": "😄",
  ";-)": "😉",
  ";)": "😉",
  ":-D": "😃",
  ":D": "😃",
  ";-D": "😂",
  ";D": "😂",
  "^_^": "😁",
  "(love)": "😍",
  ":-O": "😮",
  ":O": "😮",
  ":-o": "😮",
  ":o": "😮",
  ":-P": "😋",
  ":P": "😋",
  ":-$": "😊",
  ":$": "😊",
  "(blush)": "😊",
  "O:-)": "😇",
  "O:)": "😇",
  "}:-)": "😈",
  "}:)": "😈",
  ":-|": "😐",
  ":|": "😐",
  ":-\\": "😕",
  ":\\": "😕",
  ":-/": "😕",
  ":/": "😕",
  "X-(": "😡",
  "X(": "😡",
  ":-(": "😞",
  ":(": "😞",
  "-_-;": "😓",
  "-_-'": "😓",
  ":'-(": "😢",
  ":'(": "😢",
  "(+1)": "👍",
  "(yes)": "👍",
  "(-1)": "👎",
  "(no)": "👎",
  "(heart)": "♥️",
  "<3": "😘",
  "(star)": "⭐️",
  "(*)": "⭐️",
  ":-{": "👨",
  ":{": "👨",
  "(cool)": "😎",
  "(spock)": "🖖",
  ":spock:": "🖖",
  ":,D": "😂",
  ":-S": "😕",
  ":-X": "🤐",
  ":-!": "🤐",
  "(doh)": "😫",
  ":-3": "😺"
}