TYPE,REWRITE,PATTERN1,PATTERN2,PATTERN3,ORIGIN,REWRITE_TO,COMMENT,US_DATES,AM_PM
helper,$MONTH,1月|2月|3月|4月|5月|6月|7月|8月|9月|10月|11月|12月,-,-,1月,1月,"Example ""january""",-1,-1
helper,$WEEKDAY,<月曜日?|火曜日?|水曜日?|木曜日?|金曜日?|土曜日?|日曜日?>,<月|火|水|木|金|土>,-,月曜,月曜日,"Example ""monday""",-1,-1
helper,$SWEEKDAY,<月曜日?|火曜日?|水曜日?|木曜日?|金曜日?|土曜日?|日曜日?>,-,-,月曜日,月曜日,"Example ""monday""",-1,-1
helper,$SIMPLE_WEEK,<月|火|水|木|金|土|日>,-,-,-,-,,-1,-1
helper,$EV,<毎!?.?|ごと|平日>,-,-,毎,毎,"Example ""every"" or ""after""",-1,-1
helper,$UNIT,時|日|週|月|年,-,-,時,時,"Example ""days""",-1,-1
helper,$RS,第,-,-,第二,第2,"Example ""1st"", ""2nd""",-1,-1
helper,$AMPM,<am|pm|午前|午後>,-,-,午後,-,,,
helper,$TIME,"<@|at|の>_$AMPM?_\d{1,2}<[時:\.\s\.]\d{1,2}>?<分>?","<@|at|の>?_$AMPM_\d{1,2}<[時:\.]\d{1,2}>?<分>?","<@|at|の>?_$AMPM?_\d{1,2}<時|[:\.分]\d{1,2}分?><分>?",14時,14時,"Example ""at 2pm"". Translate ""at""",-1,-1
helper,$STIME,"<@|at|の>_$AMPM?_\d{1,2}<[時:\.\s\.]\d{1,2}>?<分>?","<@|at|の>?_$AMPM_\d{1,2}<[時:\.]\d{1,2}>?<分>?","<@|at|の>?_$AMPM?_\d{1,2}<時|[:\.分]\d{1,2}分?><分>?",の2時,2時,,-1,-1
helper,$SEP,"<^|$|[-/\s,]>",-,-,/,/,,-1,-1
helper,$YEAR,[0-9][0-9][0-9][0-9],-,-,"""2014""","""2014""",,-1,-1
helper,$RN,[0-9]?[0-9],-,-,"""12""","""12""",,-1,-1
helper,$N,<[0-9]>+,１|２|３|４|５|６|７|８|９|０,一|二|三|四|五|六|七|八|九|十|壱|弐|参|肆|伍|陸|漆|捌|玖|拾,二,2,,-1,-1
helper,$RDATE,<$RN日?>_$RS? <$RN月>_<$YEAR年?>?,<$RN月>_<$RN日?>_$RS?_<$YEAR年?>?,<$YEAR年?>$SEP<$RN月?>$SEP<$RN日?>|<$RN日?>$SEP<$RN月?><$SEP<$YEAR年?>?>?,五月三日,5月5日,,-1,-1
,,,,,,,,,
,,,,,,,,,
resolve_day,"""1""",月曜?日?,-,-,月曜,1,"Example ""mon"" for ""monday""",-1,-1
resolve_day,"""2""",火曜?日?,-,-,火曜,2,,-1,-1
resolve_day,"""3""",水曜?日?,-,-,水曜,3,,-1,-1
resolve_day,"""4""",木曜?日?,-,-,木曜,4,,-1,-1
resolve_day,"""5""",金曜?日?,-,-,金曜,5,,-1,-1
resolve_day,"""6""",土曜?日?,-,-,土曜,6,,-1,-1
resolve_day,"""7""",日曜?日?,-,-,日曜,7,,-1,-1
,,,,,,,,,
resolve_month,"""1""",1月,睦月,１月,1月,1月,"Example ""jan"" for ""january""",-1,-1
resolve_month,"""2""",2月,如月,２月,2月,2月,,-1,-1
resolve_month,"""3""",3月,弥生,３月,3月,3月,,-1,-1
resolve_month,"""4""",4月,卯月,４月,4月,4月,,-1,-1
resolve_month,"""5""",5月,皐月,５月,5月,5月,,-1,-1
resolve_month,"""6""",6月,水無月,６月,6月,6月,,-1,-1
resolve_month,"""7""",7月,文月,７月,7月,7月,,-1,-1
resolve_month,"""8""",8月,葉月,８月,8月,8月,,-1,-1
resolve_month,"""9""",9月,長月,９月,9月,9月,,-1,-1
resolve_month,"""10""",10月,神無月,１０月,10月,10月,,-1,-1
resolve_month,"""11""",11月,霜月,１１月,11月,11月,,-1,-1
resolve_month,"""12""",12月,師走,１２月,12月,12月,,-1,-1
,,,,,,,,,
resolve_unit,hour,.?時.?,-,-,時,時,"Example ""hour(..)"" for ""hours""",-1,-1
resolve_unit,week,.?週.?,-,-,週,週,,-1,-1
resolve_unit,month,.?月.?,-,-,月,月,,-1,-1
resolve_unit,year,.?年.?,-,-,年,年,,-1,-1
resolve_unit,$1,(\d+)日,-,-,1日,1,,-1,-1
resolve_unit,day,日,-,-,日,日,,-1,-1
resolve_unit,"""1""",一,１,壱,一,1,,-1,-1
resolve_unit,"""2""",二,２,弐,二,2,,-1,-1
resolve_unit,"""3""",三,３,参,三,3,,-1,-1
resolve_unit,"""4""",四,４,肆,四,4,,-1,-1
resolve_unit,"""5""",五,５,伍,五,5,,-1,-1
resolve_unit,"""6""",六,６,陸,六,6,,-1,-1
resolve_unit,"""7""",七,７,漆,七,7,,-1,-1
resolve_unit,"""8""",八,８,捌,八,8,,-1,-1
resolve_unit,"""9""",九,９,玖,九,9,,-1,-1
resolve_unit,"""10""",十,１０,拾,十,10,,-1,-1
resolve_unit,"""5""",末日,-,-,末日,5,,-1,-1
,,,,,,,,,
resolve_misc,まで,ending,-,-,まで,まで,"Example: ""ending in 6 months""",-1,-1
resolve_misc,毎,every,-,-,毎,毎,"Example: ""every 3 days""",-1,-1
,,,,,,,,,
,,"[""!']+",-,-,,,,-1,-1
normalize,",",;,-,-,,,,-1,-1
,,,,,,,,,
normalize,1,一|１,壱,-,""" 一 """,1,,-1,-1
normalize,2,二|２,弐,-,""" 二 """,2,,-1,-1
normalize,3,三|３,参,-,""" 三 """,3,,-1,-1
normalize,4,四|４,肆,-,""" 四 """,4,,-1,-1
normalize,5,五|５,伍,-,""" ５ """,5,,-1,-1
normalize,6,六|６,陸,-,""" ６ """,6,,-1,-1
normalize,7,七|７,漆,-,"""七 """,7,,-1,-1
normalize,8,八|８,捌,-,""" 八 """,8,,-1,-1
normalize,9,九|９,玖,-,""" 九 """,9,,-1,-1
normalize,10,十|１０,拾,-,""" 十 """,10,,-1,-1
,,,,,,,,,
,,,,,,,,,
,,,,,,,,,
,,,,,,,,,
,,,,,,,,,
,,,,,,,,,
,,,,,,,,,
,12月25日,クリスマス,,-,クリスマス,12月25日,,-1,-1
normalize,10月31日,ハロウィーン|ハロウィン,-,-,ハロウィーン,10月31日,,-1,-1
normalize,2月14日,バレンタインデー,,-,バレンタインデー,2月14日,,-1,-1
normalize,12月31日,大晦日,,-,大晦日,12月31日,,-1,-1
normalize,1月1日,正月,-,-,正月,1月1日,,-1,-1
,,,,,,,,,
normalize,2月11日,建国記念日,-,-,建国記念日,2月11日,,-1,-1
normalize,4月29日,昭和の日,-,-,昭和の日,4月29日,,-1,-1
normalize,5月3日,憲法記念日,-,-,憲法記念日,5月3日,,-1,-1
normalize,5月5日,こどもの日,-,-,こどもの日,5月5日,Add dates that are specific to your langauge,-1,-1
normalize,5月第2日曜日,母の日,,,母の日,5月第2日曜日,,-1,-1
normalize,6月第3日曜日,父の日,,,父の日,6月第3日曜日,,-1,-1
normalize,11月23,勤労感謝の日,,,勤労感謝の日,11月23,,-1,-1
normalize,12月23日,天皇誕生日,,,天皇誕生日,12月23日,,-1,-1
normalize,1月12日,成人の日,,,成人の日,1月12日,,-1,-1
,,,,,,,,,
normalize,毎日$1,毎朝_($TIME),-,-,毎朝午後2時,毎日午後2時,,-1,-1
normalize,毎日午後$1,毎晩(\d),-,-,毎晩2時,毎日午後2時,,-1,-1
normalize,毎日$1,毎夜_($TIME),-,-,毎夜午後2時,毎日午後2時,,-1,-1
,,,,,,,,,
normalize,2週間後,半月,-,-,半月,2週間後,,-1,-1
,,,,,,,,,
normalize,午前9時,朝,,-,朝,午前9時,,-1,1
normalize,12:00,お?昼,,-,お昼,12:00,,-1,1
,,,,,,,,,
normalize,$1$2,"($EV)<,|,>($STIME)",-,-,"平日,18:00",平日18:00,,-1,-1
,,,,,,,,,
normalize,午後7時,<今晩|の晩>$,,,今晩,午後7時,,-1,1
normalize,午後10時,<今夜|の夜>$,,,今夜,午後10時,,-1,1
normalize,12:00,<午後|の後|昼>$,正午$,,午後,12:00,,-1,1
,,,,,,,,,
normalize,09:00,今朝,,-,今朝,"""09:00""",,-1,0
normalize,12:00,昼頃,正午$,-,昼頃,"""12:00""",,-1,0
,,,,,,,,,
normalize,19:00,<今晩|の晩>$,,,の晩,"""19:00""",,-1,0
normalize,22:00,<今夜|の夜>$,,,の夜,"""22:00""",,-1,0
normalize,12:00,<午後|の後|昼>$,,,昼,"""12:00""",,-1,0
,,,,,,,,,
,,,,,,,,,
normalize,$1日後,($N)日?<後|以内>,-,-,5日以内,5日後,"Example ""in 5 days""",-1,-1
,,,,,,,,,
normalize,毎週土曜と日曜,毎週末,-,-,毎週末,毎週土曜と日曜,,-1,-1
,,,,,,,,,
,,,,,,,,,
,,,,,,,,,
,,,,,,,,,
,,,,,,,,,
normalize,$1,今週($WEEKDAY),-,-,今週月曜日,月曜日,"Example: ""this monday""",-1,-1
,,,,,,,,,
normalize, ,今日から,-,-,今日から,""" ""","Example ""from today""",-1,-1
normalize,$1,($STIME)から,-,-,2時から,2時,"Example ""from 3pm""",-1,-1
,,,,,,,,,
,,,,,,,,,
,,,,,,,,,
,,,,,,,,,
normalize,2ヶ月毎,隔月,-,-,隔月,2ヶ月毎,,-1,-1
,,,,,,,,,
normalize,2日毎,隔日,-,-,隔日,2日毎,,-1,-1
normalize,毎日,毎日,-,-,毎日,毎日,,-1,-1
normalize,毎週,毎週,-,-,毎週,毎週,,-1,-1
normalize,毎月,毎月,-,-,毎月,毎月,,-1,-1
,,,,,,,,,
normalize,平日,就業日,-,-,就業日,平日,,-1,-1
,,,,,,,,,
,,,,,,,,,
normalize,1月1日,第14半期,,-,第14半期,1月1日,,-1,-1
normalize,4月1日,第24半期,,-,第24半期,4月1日,,-1,-1
normalize,7月1日,第34半期,,-,第34半期,7月1日,,-1,-1
normalize,10月1日,第44半期,,-,第44半期,10月1日,,-1,-1
normalize,3ヵ月毎,4半期毎,-,-,4半期毎,3ヵ月毎,,-1,-1
normalize,3ヶ月,4半期,-,-,4半期,3ヶ月,,-1,-1
normalize,3ヶ月,4半期後,,,4半期後,3ヶ月,,-1,-1
,,,,,,,,,
normalize,2ヵ月後,そのうち|近いうち,-,-,そのうち,2ヵ月後,,-1,-1
,,,,,,,,,
,,,,,,,,,
,,,,,,,,,
,,,,,,,,,
,,,,,,,,,
,,,,,,,,,
,,,,,,,,,
,,,,,,,,,
,,,,,,,,,
,,,,,,,,,
,,,,,,,,,
,,,,,,,,,
,,,,,,,,,
,,,,,,,,,
normalize,"""$11$2""",($SEP)1($SEP),-,-,""" 1 """,""" 1 """,,-1,-1
normalize,"""$12$2""",($SEP)2($SEP),-,-,""" 2 """,""" 2 """,,-1,-1
normalize,"""$13$2""",($SEP)3($SEP),-,-,""" 3 """,""" 3 """,,-1,-1
normalize,"""$14$2""",($SEP)4($SEP),-,-,""" 4 """,""" 4 """,,-1,-1
,,,,,,,,,
normalize,"""$16$2""",($SEP)6($SEP),-,-,""" 6 """,""" 6 """,,-1,-1
normalize,"""$17$2""",($SEP)7($SEP),-,-,"""7 """,""" 7 """,,-1,-1
normalize,"""$18$2""",($SEP)8($SEP),-,-,""" 8 """,""" 8 """,,-1,-1
normalize,"""$19$2""",($SEP)9($SEP),-,-,""" 9 """,""" 9 """,,-1,-1
normalize,"""$110$2""",($SEP)10($SEP),-,-,""" 10 """,""" 10 """,,-1,-1
,,,,,,,,,
,,,,,,,,,
,,,,,,,,,
,,,,,,,,,
,,,,,,,,,
,,,,,,,,,
normalize,pm,p[.-]?m[.-]?,-,-,午後,午後,,-1,-1
normalize,am,a[.-]?m[.-]?,-,-,午前,午前,,-1,-1
normalize,$1 pm$2,($N)_p(\s|$),-,-,3p,"""3pm""","Example ""2p"" => ""2pm""",-1,-1
normalize,$1 am$2,($N)_a(\s|$),-,-,3a,"""3am""",,-1,-1
,,,,,,,,,
,,,,,,,,,
,,,,,,,,,
,,,,,,,,,
,,,,,,,,,
,,,,,,,,,
,,,,,,,,,
,,,,,,,,,
,,,,,,,,,
normalize,$115日,($MONTH)中頃,-,-,5月中頃,5月15日,"Example ""mid may""",-1,-1
,,,,,,,,,
,,,,,,,,,
,,,,,,,,,
normalize,$1$3から$2,"($RDATE)[-\s,\.]*($EV)_(.*)",-,-,"5月5日,毎日",5月5日から毎日,"Example: 5 may, every day",-1,-1
,,,,,,,,,
,,,,,,,,,
,,,,,,,,,
,,,,,,,,,
,,,,,,,,,
,,,,,,,,,
,,,,,,,,,
,,,,,,,,,
,,,,,,,,,
,,,,,,,,,
,,,,,,,,,
,,,,,,,,,
,,,,,,,,,
,,,,,,,,,
,,,,,,,,,
,,,,,,,,,
,,,,,,,,,
,,,,,,,,,
normalize,3時間後,数時間<後|以内>,今すぐ,-,今すぐ,3時間後,,-1,-1
normalize, $1 ,"_,_($STIME)_,_",-,-,""",pm3,""","""pm3""",,-1,-1
,,,,,,,,,
,,,,,,,,,
normalize,平日,月<-|ー|から>金,,-,月-金,平日,,-1,-1
,,,,,,,,,
,,,,,,,,,
,,,,,,,,,
,,,,,,,,,
normalize,土曜日,今週末|週末,週末,-,今週末,土曜日,,-1,-1
normalize,来週土曜日,来(週の)?週末,,-,来週末,来週土曜日,,-1,-1
normalize,,翌,-,-,翌,"""""",,-1,-1
normalize,1月1日,来年,-,-,来年,1月1日,,-1,-1
,,,,,,,,,
,,,,,,,,,
,,,,,,,,,
normalize,来週$1,<次の|来週の?>($WEEKDAY),,-,来週の月曜日,来週月曜日,"Example ""monday of next week""",-1,-1
normalize,1日,来月頭|来月,月初,-,来月頭,1日,,-1,-1
,,,,,,,,,
,,,,,,,,,
normalize,毎月最終就業日,毎月の?<最終|最後の><営業|就業|平>日,-,-,毎月の最後の就業日,毎月最終就業日,,-1,-1
normalize,毎就業日,毎<就業|営業|平>日,-,-,毎就業日,毎就業日,,-1,-1
,,,,,,,,,
,,,,,,,,,
,,,,,,,,,
,,,,,,,,,
normalize,$11日,($MONTH)<初|初め|始め|はじめ|初日|の頭|頭>,-,-,5月頭,5月1日,"Example ""at the beginning of may""",-1,-1
normalize,$1末,($MONTH)<末日|末|最終日>,-,-,5月末日,5月末,"Example ""at the end of may""",-1,-1
,,,,,,,,,
,,,,,,,,,
,,,,,,,,,
,,,,,,,,,
,,,,,,,,,
,,,,,,,,,
,,,,,,,,,
normalize,毎年,毎年,,-,毎年,毎年,,-1,-1
,,,,,,,,,
,,,,,,,,,
,,,,,,,,,
normalize,$1,($WEEKDAY)まで$,-,-,月曜まで,月曜,"Example ""by monday""",-1,-1
,,,,,,,,,
normalize,次の$1,次の?($WEEKDAY)のまで,-,-,次の月曜のまで,次の月曜,,-1,-1
normalize,$1の?$2,($SEP)by($SEP),-,-,今日の午後3時,今日の午後3時,"Example ""every monday by 2pm""",-1,-1
,,,,,,,,,
,,,,,,,,,
,,,,,,,,,
,,,,,,,,,
,,,,,,,,,
,,,,,,,,,
,,,,,,,,,
normalize,毎月の頭,毎月頭,-,-,毎月頭,毎月の頭,,-1,-1
,,,,,,,,,
normalize,3日以内,数日以内|数日,3日以内,-,数日以内,3日以内,,-1,-1
,,,,,,,,,
,,,,,,,,,
,,,,,,,,,
,,,,,,,,,
,,,,,,,,,
,,,,,,,,,
,,,,,,,,,
,,,,,,,,,
,,,,,,,,,
,,,,,,,,,
,,,,,,,,,
,,,,,,,,,
,,,,,,,,,
,,,,,,,,,
,,,,,,,,,
normalize,$1ヶ月,($N)<ヶ|か|カ>月間,-,-,3ヶ月,3ヶ月,"Example ""3 mo""",-1,-1
,,,,,,,,,
normalize,1週間後,1週後,-,-,1週後,1週間後,"Example ""for one week""",-1,-1
,,,,,,,,,
,,,,,,,,,
normalize,"""$1$2後""",($N)($UNIT)間?後,-,-,3日間後,3日後,"Example ""3 days"" => ""in 3 days""",-1,-1
,,,,,,,,,
,,,,,,,,,
,,,,,,,,,
,,,,,,,,,
,,,,,,,,,
,,,,,,,,,
,,,,,,,,,
,,,,,,,,,
,,,,,,,,,
,,,,,,,,,
,,,,,,,,,
,,,,,,,,,
,,,,,,,,,
normalize,every day ending in $1 $2,($N)(weeks?|months?|days?)後まで,,-,3ヵ月後まで毎日,3ヵ月後まで毎日,"Example ""ending in 3 weeks"" => ""every day ending in 3 week""",-1,-1
,,,,,,,,,
normalize,"$1$2$4,$3$4",($EV)($RS$RN)$SEP?($RS$RN)($WEEKDAY),-,-,毎月第2第3月曜日,"毎月第2月曜日,第3月曜日","Example ""every 2nd, 3rd monday"" => ""every 2nd monday, 3rd monday""",-1,-1
,,,,,,,,,
,,,,,,,,,
,,,,,,,,,
,,,,,,,,,
,,,,,,,,,
normalize,"""$15$2""",($SEP)5($SEP),-,-,""" 5 """,""" 5 """,,-1,-1
,,,,,,,,,
normalize,$1日間,(\d)日目,-,-,-,-,,-1,-1
,,,,,,,,,
normalize,$2から$3まで$1,($EV)_($RN月$RN日)[-\~]($RN月$RN日) ,-,-,毎日5月5日~5月10日,5月5日から5月10日まで毎日,,-1,-1
,,,,,,,,,
normalize,,の$,-,-,,,,-1,-1
,,,,,,,,,
normalize,"毎週$1,$2",毎週($SIMPLE_WEEK)($SIMPLE_WEEK),-,-,,,,-1,-1
normalize,"毎週$1,$2,$3","毎週($SIMPLE_WEEK),($SIMPLE_WEEK)($SIMPLE_WEEK)",-,-,,,,-1,-1
,,,,,,,,,
normalize,15日,中旬,-,-,,,,-1,-1
normalize,5日,上旬,-,-,,,,-1,-1
normalize,25日,下旬,,,,,,-1,-1
normalize,"$1,",($RN日)と,,,,,,-1,-1
normalize,"$1,$2",($WEEKDAY)と($WEEKDAY),,,,,,-1,-1
normalize,"$1,$2",(.+)と($EV),,,,,,-1,-1
normalize,毎,毎毎,-,-,"""毎毎""","""毎""",,-1,-1
normalize,就業日,月曜から金曜,-,-,,,,-1,-1
normalize,"毎週月曜日,","毎週月,",-,-,,,,-1,-1
normalize,$1から毎週,^($MONTH)毎週,,,,,,-1,-1
normalize,$1 $2:$3,($SEP_<@|$AMPM>)_(\d\d)(\d\d),-,-,午前2300,午前23:00,,-1,-1
normalize,,^@_.+,-,-,@home,,,-1,-1
,,,,,,,,,
normalize,,"^[\.,;]+",-,-,,,,-1,-1
normalize,,"[\.,!;-]+$",-,-,,,,-1,-1
,,,,,,,,,
normalize,:,：,-,-,：,:,,-1,-1
normalize,"""+2日間""",明後日,-,-,明後日,"""+2日間""",,-1,-1
normalize,毎月末日,毎月末の1日前,,,毎月末の1日前,毎月末日,,-1,-1
,,,,,,,,,
normalize,"""$1:$2""",(\d+)時(\d+)分,-,-,13時15分,"""13:15""",,-1,-1
,,,,,,,,,
normalize,,^(\d+)\.(\d+)$,-,-,-,-,,-1,-1
,,,,,,,,,
normalize, ,　,-,-,"""　""",""" """,,-1,-1