TYPE,HANDLER,PATTERN1,PATTERN2,PATTERN3,EXAMPLE1,EXAMPLE2,COMMENT
,,,,,,,
helper,$AMPM,<am|pm>,-,-,pm,-,Sweden is on the 24 hour clock
helper,$TIME,"<@|kl(..)|vid>_\d{1,2}<[:\.\s]\d{1,2}>?_$AMPM?","<@|kl(..)|vid>?_\d{1,2}<[:.]\d{1,2}>?_$AMPM","<@|kl(..)|vid>?_\d{1,2}[:]\d{1,2}_$AMPM?",klockan 15.00,"""3:30""",
helper,$AT,<@|kl(..)|vid>_,-,-,klockan 15.00,@,
helper,$XTIME,"(\d{1,2})([:\.\s](\d{1,2}))?",-,-,"""2""",-,
,,,,,,,
helper,$SMONTH,<januari|februari|mars|april|maj|juni|juli|augusti|september|oktober|november|december>,,-,januari,,
helper,$MONTH,<januari|februari|mars|april|maj|juni|juli|augusti|september|oktober|november|december>,<jan|feb|mar|apr|maj|jun|jul|aug|sep|okt|nov|dec>\.?,-,januari,feb,
helper,$SWEEKDAY,<måndag|tisdag|onsdag|torsdag|fredag|lördag|söndag>(..),-,-,måndag,-,
helper,$WEEKDAY,<måndag|tisdag|onsdag|torsdag|fredag|lördag|söndag>(..),<mån|tis|ons|tor|fre|lör|sön>\.?,-,måndag,ons,
helper,$YEAR,[0-9][0-9][0-9][0-9],-,-,"""2004""",-,
helper,$EV,<var(..)|ef(..)|varje|återkommande?>,-,-,varje,varje,
helper,$RS,[\.:]?<sta|n?dra|dje|e|\.|a>,-,-,dra,-,"
"
helper,$N,"<[0-9]{1,4}|en|ett|två|tre|fyra|fem|sex|sju|åtta|nio|tio>",-,-,nio,"""23""",
helper,$RN,<[0-9]?[0-9]|en|ett|två|tre|fyra|fem|sex|sju|åtta|nio|tio>,-,-,"""2""",-,
helper,$SEP,[-/.\s]+,-,-,,,
helper,$UNIT,<timm(..)|dag(..)|veck(..)|månad(..)|år(..)>,-,-,timmar,år,
helper,$AND,"<,|och|med>",,,och,-,
helper,$START,<bör(..)|börja(..)< den>?|start(..)|från>,,,början,börja,
helper,$ENDING,<slut(..)|slut(..)< den>?>,,,slut,-,
helper,$BEFORE,före,,,"före
",-,
helper,$AFTER,<efter>,,,efter,-,
,,,,,,,
helper,$U-YEARS,<år|årlig(..)>,,,årligen,"år
",
helper,$U-MONTHS,<månad(..)>,,,månadsvis,månad,
helper,$U-WEEKS,veck<o|a>(..),,,veckovis,vecka,
helper,$U-DAYS,dag(..),,,dagligen,dag,
helper,$U-HOURS,<timm<e|ar>?|varje timm<e|ar>>,,,varje timme,timme,
helper,$U-NEXT,<nästa|följand(..)|annanr|kommand(..)>,,,nästa,-,
helper,$U-OTHER,annan,,,annan,-,
helper,$U-OF,<i|om|av>?,,,i,in,
helper,$U-IN,<i|om|av>?,,,i,in,
helper,$U-FOR,<under>,-,,"under
",under,every day <for> 6 months
helper,$R-OF,<i|om|av|till>,,,i,om,
helper,$U-LAST,<sista|sluta|förra>,,,sista,-,
helper,$U-WORKDAYS,<vars?_dag|arbets?_dag(..)>,,,arbetsdag,arbetsdag,
,,,,,,,
composite,"{""type"": ""start_end"", ""date"": ""$1"", ""start_date"": ""$3"", ""end_date"": ""$2""}",(.+)< $AND>? $U-IN_$ENDING (.+)< $AND>? $START (.+),-,-,varje dag med slut om 6 månader och med början på måndag ,,
composite,"{""type"": ""start_end"", ""date"": ""$1"", ""start_date"": ""$2"", ""end_date"": ""$3""}",(.+)< $AND>? $START (.+)< $AND>? $U-IN_$ENDING (.+),-,-,varje dag med början på måndag och med slut om 6 månader,,
composite,"{""type"": ""starting"", ""date"": ""$1"", ""start_date"": ""$2""}",(.+)< $AND>? $START _$U-IN_(.+),-,-,varje dag med start 10 dec,-,
composite,"{""type"": ""ending"", ""date"": ""$1"", ""end_date"": ""$2""}",(.+)< $AND>? $ENDING _$U-IN_(.+),-,-,varje dag med slut om 6 månader,-,
composite,"{""type"": ""ending"", ""date"": ""$1"", ""end_date"": ""$2""}",(.+)< $AND>? $U-FOR_(.+),-,-,varje dag under 6 månader,-,
composite,"{""type"": ""before_after"", ""number"": ""$1"", ""unit"": ""$2"", ""mod"": ""before"", ""rel_date"": ""$3""}",\+?$U-OF_($N)_($UNIT)_$BEFORE_(.+)?,-,-,om 3 dagar före den 3:dje mars,-,
composite,"{""type"": ""before_after"", ""number"": ""$1"", ""unit"": ""$2"", ""mod"": ""after"", ""rel_date"": ""$3""}",\+?$U-OF_($N)_($UNIT)_$AFTER_(.+)?,-,-,om 5 dagar efter den 2:dra april,-,
composite,"{""type"": ""starting"", ""date"": ""$1"", ""start_date"": ""$2""}",($EV $WEEKDAY)_$U-OF_($MONTH),-,-,varje måndag i maj,-,
,,,,,,,
recurring,"{""type"": ""every_comma"", ""patterns"": ""$1"", ""time"": ""$2""}","$EV ([^,]+,.+)_($TIME)?",-,-,"varje 5,6 kl. 15.00","varje mån, tis",
recurring,"{""type"": ""every_year"", ""number"": ""$1""}",$EV ($N)?_$RS?_$U-YEARS,-,-,vart 3 år,-,
recurring,"{""type"": ""every_year"", ""number"": ""$1""}",($N)?_$RS?_$U-YEARS,-,-,årlig,2 år,
,,,,,,,
recurring,"{""type"": ""every_month"", ""number"": ""2""}",varannan månad,-,-,varannan månad,-,
recurring,"{""type"": ""every_month"", ""number"": ""$1""}",$EV ($N)?_$RS?_$U-MONTHS,-,-,var 2 månader,varje månad,
,,,,,,,
recurring,"{""type"": ""every_spec_month"", ""number"": ""$1"", ""month"": ""$2""}",$EV ($N)_$RS? ($MONTH),-,-,varje 2:dra april,-,
recurring,"{""type"": ""every_spec_month"", ""number"": ""$2"", ""month"": ""$1""}",$EV ($MONTH)_($N)_$RS?,-,-,varje april 3:dje,-,
,,,,,,,
recurring,"{""type"": ""every_last_day"", ""month"": ""$1""}",$EV $U-LAST_$U-DAYS_$U-OF_($MONTH)?_$U-MONTHS?,-,-,varje sista dag i april,varje sista dag i månaden,
recurring,"{""type"": ""every_last_day"", ""month"": ""$1""}",$U-LAST_$U-DAYS_$U-OF_$EV_($MONTH)?_$U-MONTHS?,-,-,sista dagen varje april,-,
recurring,"{""type"": ""every_last_day"", ""month"": ""$1""}",<$EV>?_$U-LAST_$U-OF_$EV_($MONTH)?_$U-MONTHS?,-,-,sista varje april,-,
,,,,,,,
recurring,"{""type"": ""every_other_week_day""}",varannan arbetsdag,-,-,varannan arbetsdag,-,
recurring,"{""type"": ""every_other_day""}",varannan dag,-,-,varannan dag,-,
,,,,,,,
recurring,"{""type"": ""every_last_work_day"", ""month"": ""$1""}",$EV $U-LAST_$U-WORKDAYS_$U-OF_($MONTH)?_$U-MONTHS?,-,-,varje sista arbetsdag i maj,varje sista arbetsdagar i maj,
recurring,"{""type"": ""every_spec_work_day"", ""number"": ""$1""}",$EV ($N)_$RS_$U-WORKDAYS,-,-,var 3:dje arbetsdag,-,
recurring,"{""type"": ""every_week_day"", ""number"": ""$1""}",$EV ($N)?_$RS?_$U-WORKDAYS,-,-,var 3 arbetsdag,varje arbetsdag,
recurring,"{""type"": ""every_week_day"", ""number"": ""1""}",$U-WORKDAYS_$U-OF_$EV $U-MONTHS,-,-,arbetsdagar varje månad,-,
recurring,"{""type"": ""every_last_work_day"", ""month"": ""$1""}",$U-LAST_$U-WORKDAYS_$U-OF_$EV ($MONTH)?_$U-MONTHS?,-,-,sista arbetsdagar varje maj,-,
,,,,,,,
recurring,"{""type"": ""every_week"", ""number"": ""$1""}",$EV ($N)?_$RS?_$U-WEEKS,-,-,var 3:dje vecka,varje vecka,
,,,,,,,
recurring,"{""type"": ""every_day_month"", ""number1"": ""$1"", ""number2"": ""$2""}",$EV ($N)$SEP($N),-,-,varje 5/5,-,
,,,,,,,
recurring,"{""type"": ""every_next_weekday"", ""weekday"": ""$1""}",$EV $U-NEXT ($WEEKDAY),-,-,varje kommande måndag,-,
recurring,"{""type"": ""every_spec_day"", ""number"": ""$1""}",($N)_$RS?_$U-OF $EV $U-MONTHS,-,-,5:e varje månad,-,
,,,,,,,
recurring,"{""type"": ""every_spec_weekday_month"", ""number"": ""$1"", ""weekday"": ""$2"", ""month"": ""$3""}",$EV ($N)_$RS?_($WEEKDAY)_$U-OF_($MONTH),-,-,var 3:dje måndag i maj,-,
recurring,"{""type"": ""every_spec_weekday_month"", ""number"": ""$2"", ""weekday"": ""$1"", ""month"": ""$3""}",$EV ($WEEKDAY)_($N)_$RS?_$U-OF_($MONTH),-,-,varje måndagen 3:dje i maj,-,
recurring,"{""type"": ""every_reg_weekday"", ""weekday"": ""$1""}",$EV ($WEEKDAY) ($TIME),-,-,varje mån kl. 12.00,-,
recurring,"{""type"": ""every_spec_weekday"", ""number"": ""$2"", ""weekday"": ""$1""}",$EV ($WEEKDAY)_($N)_$RS?,-,-,varje måndag 3:dje,-,
recurring,"{""type"": ""every_reg_weekday"", ""weekday"": ""$1""}",$EV ($WEEKDAY),-,-,varje mån,varje tisdag,
recurring,"{""type"": ""every_spec_weekday_month"", ""number"": ""5"", ""weekday"": ""$1"", ""month"": ""$2""}",$EV $U-LAST_($WEEKDAY)_$U-OF_($MONTH),-,-,varje sista måndag i maj,-,
recurring,"{""type"": ""every_spec_weekday"", ""number"": ""$1"", ""weekday"": ""$2""}",$EV ($N)_$RS?_($WEEKDAY),-,-,var 3:dje måndag,-,
recurring,"{""type"": ""every_spec_weekday"", ""number"": ""5"", ""weekday"": ""$1""}",$EV $U-LAST_($WEEKDAY),-,-,varje sista måndag,-,
,,,,,,,
recurring,"{""type"": ""every_hour"", ""number"": ""$1""}",$EV ($N)?$RS?_$U-HOURS,-,-,var 3:dje timme,-,
,,,,,,,
recurring,"{""type"": ""every_day"", ""number"": ""$1""}",$EV ($N)?$RS?_$U-DAYS,-,-,var 3:dje dag,-,
recurring,"{""type"": ""every_spec_day"", ""number"": ""$1""}",$EV ($N)_$RS?_<$UNIT>?,-,-,varje 3:dje,-,
,,,,,,,
recurring,"{""type"": ""comma"", ""patterns"": ""$1"", ""time"": ""$2""}","([^,]+,.+)_($TIME)?",-,-,"mån, tis",,
,,,,,,,
date,"{""type"": ""today""}",i_dag(..),-,-,idag,-,
date,"{""type"": ""tomorrow""}",i_morg(..),-,-,imorgon,-,
date,"{""type"": ""yesterday""}",i_går,-,-,igår,-,
date,"{""type"": ""next_week""}",kommande vecka,nästa vecka,-,kommande vecka,-,
,,,,,,,
recurring,"{""type"": ""spec_work_day"", ""number"": ""$1""}",($N)_$RS_$U-WORKDAYS,-,-,3:dje arbetsdag,-,
date,"{""type"": ""last_day"", ""month"": ""$1""}",$U-LAST $U-OF_($MONTH),-,-,sista maj,-,
date,"{""type"": ""last_day"", ""month"": ""$1""}",$U-LAST $U-DAYS_$U-OF_($MONTH)?,-,-,sista dagen i maj,-,
date,"{""type"": ""last_work_day"", ""month"": ""$1""}",$U-LAST $U-WORKDAYS_$U-OF_($MONTH)?,-,-,sista arbetsdagen i maj,-,
date,"{""type"": ""other_work_day""}",$U-OTHER $U-WORKDAYS,-,-,annan arbetsdag,-,
date,"{""type"": ""work_day""}",$U-WORKDAYS,-,-,arbetsdag,-,
date,"{""type"": ""next_weekday"", ""weekday"": ""$1""}",$U-NEXT ($WEEKDAY),-,-,nästa måndag,-,
,,,,,,,
date,"{""type"": ""spec_weekday_month"", ""number"": ""$1"", ""weekday"": ""$2"", ""month"": ""$3""}",($N)_$RS?_($WEEKDAY)_$U-OF_($MONTH),-,-,3:dje måndagen i maj,-,
date,"{""type"": ""spec_weekday_month"", ""number"": ""$2"", ""weekday"": ""$1"", ""month"": ""$3""}",($WEEKDAY)_($N)_$RS?_$U-OF_($MONTH),-,-,måndag 3:dje i maj,-,
date,"{""type"": ""spec_weekday_month"", ""number"": ""5"", ""weekday"": ""$1"", ""month"": ""$2""}",$U-LAST_($WEEKDAY)_$U-OF_($MONTH),-,-,sista måndagen i maj,-,
date,"{""type"": ""regular_weekday"", ""weekday"": ""$1""}",($WEEKDAY) <$TIME>,-,-,Måndag 15:00,-,
date,"{""type"": ""regular_weekday"", ""weekday"": ""$1""}",<$TIME> ($WEEKDAY),-,-,15:00 måndag,-,
date,"{""type"": ""spec_weekday"", ""number"": ""$1"", ""weekday"": ""$2""}",($N)_$RS? ($WEEKDAY),-,-,3:dje måndagen,-,
date,"{""type"": ""spec_weekday"", ""number"": ""$2"", ""weekday"": ""$1""}",($WEEKDAY) ($N)_$RS?,-,-,måndag 3:dje,-,
date,"{""type"": ""spec_weekday"", ""number"": ""5"", ""weekday"": ""$1""}",$U-LAST_($WEEKDAY),-,-,sista måndagen,-,
,,,,,,,
date,"{""type"": ""date_x_forced"", ""year"": ""$1"", ""number1"": ""$2"", ""number2"": ""$3""}",($YEAR)$SEP($RN)$SEP($RN),-,-,"""2014/5/5""",-,
date,"{""type"": ""date"", ""year"": ""$1"", ""number"": ""$2"", ""month"": ""$3""}",($YEAR)_($N)_$RS? ($MONTH),-,-,2014 3:dje maj,-,
date,"{""type"": ""date"", ""year"": ""$1"", ""number"": ""$3"", ""month"": ""$2""}",($YEAR)_($MONTH)_($N)_$RS?,-,-,2014 maj 3:dje,-,
date,"{""type"": ""date"", ""year"": ""$3"", ""number"": ""$1"", ""month"": ""$2""}",($N)_$RS?_$U-OF_($MONTH)_$U-OF_($YEAR),-,-,3:dje maj 2014,-,
date,"{""type"": ""date"", ""year"": """", ""number"": ""$1"", ""month"": ""$2""}",($N)_$RS?_$U-OF_($MONTH),-,-,3:dje maj,-,
date,"{""type"": ""date"", ""year"": ""$3"", ""number"": ""$2"", ""month"": ""$1""}",($MONTH)_($N)_$RS?_$U-OF_($YEAR),-,-,maj 3:dje 2014,-,
date,"{""type"": ""date"", ""year"": """", ""number"": ""$2"", ""month"": ""$1""}",($MONTH)_($N)_$RS?,-,-,maj 3:dje,-,
,,,,,,,
date,"{""type"": ""date_x"", ""year"": ""$3"", ""number1"": ""$1"", ""number2"": ""$2""}",($RN)$SEP($RN)<$SEP($YEAR)>,-,-,"""5/5/2014""",-,
date,"{""type"": ""date_x"", ""year"": """", ""number1"": ""$1"", ""number2"": ""$2""}",($RN)[-/]($RN),-,-,"""5/5""",-,
date,"{""type"": ""date_month"", ""month"": ""$1""}",($SMONTH),-,-,januari,-,
date,"{""type"": ""date_month"", ""month"": ""$1""}",$U-OF ($MONTH),-,-,i januari,-,
,,,,,,,
,"{""type"": ""no_date""}",ingen datum|ingen deadline,-,-,ingen datum,ingen deadline,
date,"{""type"": ""plus"", ""number"": ""$1"", ""unit"": ""$2""}",\+?$R-OF_($RN)_($UNIT),-,-,om 2 månader,-,
date,"{""type"": ""minus"", ""number"": ""$1"", ""unit"": ""$2""}",(\-$N)_($UNIT)?,-,-,-2 dagar,-,
date,"{""type"": ""regular_weekday"", ""weekday"": ""$1""}",($SWEEKDAY)$,-,-,måndag,-,
date,"{""type"": ""spec_day"", ""number"": ""$1""}",($N)_$RS_<$U-MONTHS>?_<$UNIT>?,-,-,3:dje,1:sta dagen,
date,"{""type"": ""plus"", ""number"": ""$1"", ""unit"": ""$2""}",\+_($RN)_($UNIT)?,-,-,"""+2 månader""",-,
date,"{""type"": ""time""}",<$TIME>$,-,-,"""14:00""",-,